cluster_id,hour_0,hour_1,hour_2,hour_3,hour_4,hour_5,hour_6,hour_7,hour_8,hour_9,hour_10,hour_11,hour_12,hour_13,hour_14,hour_15,hour_16,hour_17,hour_18,hour_19,hour_20,hour_21,hour_22,hour_23,day_Mon,day_Tue,day_Wed,day_Thu,day_Fri,day_Sat,day_Sun,window_afternoon,window_early_morning,window_evening,window_late_night,window_morning,window_night,peak_hour,peak_day,rush_hour_ratio,is_night_dominant,is_weekend_dominant
0,0.0476,0.0208,0.024,0.0187,0.0669,0.1118,0.1053,0.1089,0.0929,0.036,0.0025,0.0021,0.0008,0.0001,0.0,0.0001,0.0,0.0,0.0031,0.0321,0.09,0.1108,0.065,0.0604,0.1354,0.1451,0.1341,0.1291,0.1396,0.1355,0.1811,8.0,3016.0,901.0,1283.0,292.0,1701.0,5,Sun,0.273,0,0
1,0.0328,0.0419,0.0291,0.0146,0.0893,0.1056,0.2568,0.1512,0.0565,0.0364,0.0018,0.0,0.0,0.0,0.0,0.0,0.0,0.0,0.031,0.0182,0.0419,0.0328,0.0346,0.0255,0.0729,0.0455,0.1093,0.2532,0.1712,0.1457,0.2022,0.0,313.0,50.0,114.0,21.0,51.0,6,Thu,0.2933,0,0
2,0.0744,0.0591,0.0923,0.1029,0.113,0.119,0.083,0.038,0.0217,0.0096,0.0012,0.0013,0.0007,0.0002,0.0,0.0003,0.0019,0.0034,0.0056,0.0378,0.0344,0.0583,0.0693,0.0726,0.1319,0.1417,0.1353,0.1326,0.1394,0.1485,0.1706,531.0,45483.0,14122.0,76756.0,2105.0,34776.0,5,Sun,0.1161,1,0
3,0.0261,0.0159,0.0553,0.0368,0.0529,0.101,0.0921,0.0528,0.0277,0.0048,0.0009,0.0032,0.0011,0.0007,0.0013,0.0023,0.0141,0.0349,0.1261,0.1801,0.0948,0.0286,0.0232,0.0232,0.1119,0.1234,0.1452,0.1434,0.1361,0.1533,0.1867,109.0,1530.0,2437.0,1046.0,50.0,420.0,19,Sun,0.4264,0,0
4,0.0669,0.0769,0.0234,0.0368,0.107,0.1973,0.1572,0.1271,0.0301,0.0033,0.0,0.0,0.0067,0.0,0.0,0.0,0.0,0.0,0.0,0.0,0.0067,0.0569,0.0435,0.0602,0.0836,0.1003,0.1438,0.1371,0.1204,0.1338,0.2809,2.0,153.0,2.0,93.0,1.0,48.0,5,Sun,0.1605,0,0
5,0.0447,0.0403,0.111,0.0202,0.0634,0.1686,0.0908,0.0951,0.0965,0.0317,0.0086,0.0086,0.0,0.0,0.0,0.0,0.0,0.0,0.0,0.0288,0.0519,0.0476,0.0562,0.036,0.2911,0.0562,0.0951,0.0965,0.0317,0.121,0.3084,0.0,313.0,56.0,194.0,34.0,97.0,5,Sun,0.2521,0,0
6,0.1209,0.0666,0.1009,0.1031,0.0784,0.0651,0.0375,0.016,0.0143,0.0048,0.0002,0.0003,0.0001,0.0,0.0,0.0,0.0003,0.0,0.0002,0.0106,0.0367,0.0789,0.133,0.132,0.114,0.1842,0.2063,0.2014,0.1671,0.0929,0.0341,9.0,2683.0,961.0,9489.0,108.0,6945.0,22,Wed,0.0459,1,0
7,0.1996,0.1255,0.1464,0.1141,0.1008,0.0456,0.0133,0.019,0.0152,0.0019,0.0,0.0,0.0,0.0,0.0,0.0,0.0,0.0,0.0,0.0038,0.0114,0.0228,0.0951,0.0856,0.038,0.135,0.2548,0.1673,0.1502,0.1369,0.1179,0.0,49.0,8.0,361.0,1.0,107.0,0,Wed,0.0399,1,0
8,0.1227,0.1336,0.0578,0.0325,0.0722,0.1805,0.1697,0.1011,0.0253,0.0,0.0,0.0108,0.0,0.0,0.0,0.0,0.0,0.0,0.0,0.0,0.0,0.0289,0.0325,0.0325,0.2347,0.2383,0.0794,0.0975,0.1047,0.0758,0.1697,0.0,132.0,0.0,116.0,3.0,26.0,5,Tue,0.1264,1,0
9,0.24,0.0,0.0,0.0,0.36,0.16,0.04,0.0,0.08,0.0,0.0,0.0,0.0,0.0,0.0,0.0,0.0,0.0,0.0,0.0,0.0,0.12,0.0,0.0,0.0,0.12,0.0,0.04,0.44,0.0,0.4,0.0,7.0,0.0,15.0,0.0,3.0,4,Fri,0.08,1,0
10,0.1617,0.1053,0.094,0.0301,0.0902,0.0827,0.0865,0.0226,0.0038,0.0075,0.0113,0.0,0.0,0.0,0.0,0.0,0.0,0.0301,0.015,0.0075,0.0677,0.0639,0.0226,0.0977,0.0489,0.2406,0.094,0.1429,0.0827,0.2256,0.1654,0.0,52.0,32.0,128.0,5.0,49.0,0,Tue,0.0865,1,0
11,0.061,0.1006,0.1593,0.0987,0.0903,0.0861,0.064,0.0835,0.0991,0.0362,0.0008,0.0061,0.0,0.0004,0.0,0.0,0.0,0.0,0.0008,0.0053,0.0072,0.0175,0.0305,0.0526,0.088,0.0819,0.1094,0.1029,0.1239,0.2016,0.2923,1.0,873.0,35.0,1338.0,113.0,264.0,2,Sun,0.2249,1,0
12,0.0471,0.0358,0.0155,0.0136,0.0315,0.0339,0.1525,0.3849,0.1934,0.0122,0.0,0.0,0.0,0.0,0.0,0.0,0.0,0.0,0.0,0.0019,0.0113,0.0188,0.0169,0.0306,0.1464,0.1322,0.1144,0.1247,0.0367,0.1106,0.3351,0.0,1625.0,28.0,305.0,26.0,141.0,7,Sun,0.5924,0,0
13,0.0123,0.0041,0.041,0.0041,0.0041,0.0287,0.0041,0.0,0.0,0.0,0.0,0.0,0.0,0.0,0.0,0.0,0.0,0.0,0.0,0.0,0.0082,0.6434,0.1557,0.0943,0.1885,0.209,0.2541,0.1926,0.0984,0.0492,0.0082,0.0,8.0,2.0,16.0,0.0,218.0,21,Wed,0.0,1,0
14,0.0319,0.0475,0.0863,0.1153,0.091,0.1808,0.1634,0.0765,0.04,0.0029,0.0035,0.0029,0.0,0.0,0.0006,0.0006,0.0,0.0,0.0,0.0417,0.0463,0.0284,0.018,0.0226,0.2039,0.0371,0.022,0.0313,0.0933,0.0904,0.522,2.0,795.0,152.0,642.0,16.0,119.0,5,Sun,0.1611,0,1
15,0.0612,0.1202,0.0508,0.0356,0.1238,0.0742,0.067,0.0189,0.0099,0.0114,0.0007,0.0002,0.0,0.0,0.0,0.0,0.0,0.0,0.0128,0.1388,0.097,0.0803,0.0585,0.0387,0.1308,0.1492,0.1601,0.1787,0.1715,0.1117,0.0979,0.0,703.0,1028.0,1619.0,51.0,734.0,19,Thu,0.1918,1,0
16,0.0672,0.0177,0.0487,0.0427,0.0292,0.0647,0.0807,0.077,0.0522,0.0271,0.0053,0.0045,0.0006,0.0,0.0,0.0,0.0,0.0,0.0035,0.0957,0.0524,0.0649,0.1084,0.1575,0.1339,0.1251,0.1688,0.1415,0.162,0.1378,0.131,3.0,1409.0,778.0,1055.0,189.0,1697.0,23,Wed,0.2555,1,0
17,0.0807,0.0807,0.0455,0.0248,0.0642,0.2277,0.1946,0.058,0.0331,0.0104,0.0,0.0,0.0,0.0,0.0,0.0,0.0,0.0,0.0,0.0041,0.0104,0.0373,0.0559,0.0725,0.2567,0.087,0.1242,0.1698,0.1263,0.0787,0.1573,0.0,248.0,7.0,143.0,5.0,80.0,5,Mon,0.1056,0,0
18,0.0282,0.0141,0.0,0.0704,0.0282,0.1408,0.2676,0.2113,0.0141,0.0,0.0,0.0,0.0,0.0,0.0,0.0,0.0,0.0,0.0,0.0,0.0,0.1127,0.0704,0.0423,0.0282,0.3803,0.0563,0.3099,0.0986,0.0141,0.1127,0.0,45.0,0.0,10.0,0.0,16.0,6,Tue,0.2254,0,0
19,0.0,0.0278,0.0694,0.1806,0.0139,0.0694,0.1528,0.0139,0.0139,0.0,0.0,0.0,0.0,0.0,0.0,0.0,0.0,0.0,0.0278,0.0417,0.0972,0.0833,0.1667,0.0417,0.0278,0.3194,0.1528,0.1528,0.0972,0.25,0.0,0.0,18.0,12.0,21.0,0.0,21.0,3,Tue,0.0973,1,0
20,0.0435,0.087,0.1739,0.1304,0.0435,0.0435,0.0435,0.0,0.0435,0.0,0.0,0.0,0.0,0.0,0.0,0.0,0.0,0.0,0.0,0.0435,0.087,0.1739,0.0435,0.0435,0.087,0.1739,0.2174,0.087,0.1739,0.1304,0.1304,0.0,3.0,3.0,11.0,0.0,6.0,2,Wed,0.087,1,0
21,0.09,0.05,0.05,0.02,0.11,0.24,0.07,0.04,0.02,0.0,0.0,0.0,0.0,0.0,0.0,0.0,0.0,0.0,0.0,0.0,0.03,0.01,0.02,0.25,0.19,0.2,0.09,0.14,0.24,0.03,0.11,0.0,37.0,3.0,32.0,0.0,28.0,23,Fri,0.06,1,0
22,0.0976,0.0854,0.3049,0.0244,0.0732,0.0122,0.0122,0.0,0.0,0.0,0.0,0.0,0.0,0.0,0.0,0.0,0.0,0.0,0.0,0.0,0.0,0.0732,0.2195,0.0976,0.1585,0.1707,0.2683,0.122,0.1463,0.122,0.0122,0.0,2.0,0.0,48.0,0.0,32.0,2,Wed,0.0,1,0
23,0.2857,0.2143,0.0238,0.0,0.119,0.0,0.0952,0.0952,0.0238,0.0,0.0,0.0,0.0,0.0,0.0,0.0,0.0,0.0,0.0,0.0,0.0238,0.0714,0.0,0.0476,0.0238,0.0,0.381,0.1905,0.0714,0.119,0.2143,0.0,9.0,1.0,27.0,0.0,5.0,0,Wed,0.119,1,0
24,0.2114,0.0284,0.0032,0.0,0.0521,0.112,0.224,0.1451,0.03,0.0016,0.0,0.0,0.0,0.0,0.0,0.0,0.0,0.0,0.0,0.0,0.0016,0.0016,0.0426,0.1467,0.0174,0.0394,0.1514,0.2461,0.112,0.2808,0.153,0.0,324.0,1.0,187.0,1.0,121.0,6,Sat,0.1767,0,0
25,0.0787,0.0631,0.0951,0.1109,0.0974,0.0965,0.0986,0.0478,0.0119,0.0069,0.0023,0.0011,0.0,0.0,0.0,0.0,0.0002,0.0,0.0135,0.0197,0.0279,0.0823,0.0743,0.0718,0.121,0.1249,0.1569,0.1072,0.1612,0.1772,0.1516,1.0,1114.0,267.0,1947.0,45.0,999.0,3,Sat,0.0998,1,0
26,0.0476,0.0,0.0,0.0,0.0635,0.5556,0.127,0.0476,0.0,0.0159,0.0,0.0,0.0,0.0,0.0,0.0,0.0,0.0,0.0,0.0159,0.0,0.0,0.0159,0.1111,0.0794,0.0794,0.0794,0.2381,0.127,0.3492,0.0476,0.0,46.0,1.0,7.0,1.0,8.0,5,Sat,0.0794,0,0
27,0.1151,0.0937,0.0629,0.1138,0.1325,0.0576,0.1017,0.0616,0.0134,0.0027,0.0,0.0013,0.0,0.0,0.0,0.0,0.0,0.0,0.0,0.012,0.0241,0.083,0.083,0.0415,0.0442,0.1459,0.1205,0.0964,0.2865,0.1124,0.1941,0.0,175.0,27.0,387.0,3.0,155.0,4,Fri,0.0897,1,0
28,0.0543,0.0317,0.2896,0.1086,0.0362,0.086,0.0543,0.1041,0.0814,0.0,0.0,0.0,0.0045,0.0,0.0,0.0,0.0,0.0,0.0,0.0,0.0,0.0271,0.1131,0.009,0.0362,0.1176,0.3213,0.1041,0.181,0.0814,0.1584,1.0,72.0,0.0,115.0,0.0,33.0,2,Wed,0.1855,1,0
29,0.0226,0.0398,0.0319,0.0345,0.0292,0.0876,0.1493,0.2097,0.1526,0.0027,0.0046,0.0027,0.0007,0.0,0.0,0.0,0.0,0.0,0.0,0.0133,0.0677,0.0392,0.0637,0.0484,0.0916,0.1553,0.1194,0.1108,0.1725,0.2123,0.138,1.0,903.0,122.0,238.0,15.0,228.0,7,Sat,0.3783,0,0
30,0.0181,0.0141,0.1069,0.121,0.0685,0.129,0.1331,0.0363,0.0161,0.0101,0.004,0.0081,0.0,0.0,0.0,0.0,0.0,0.0,0.0,0.0081,0.0484,0.127,0.0685,0.0827,0.123,0.1532,0.1351,0.1149,0.1996,0.125,0.1492,0.0,156.0,28.0,163.0,11.0,138.0,6,Fri,0.0706,1,0
31,0.0944,0.0029,0.0708,0.0,0.2035,0.1711,0.1563,0.0324,0.0,0.0,0.0,0.0,0.0,0.0,0.0,0.0,0.0,0.0,0.0,0.0029,0.0324,0.0649,0.118,0.0501,0.2035,0.2507,0.2684,0.0826,0.0324,0.1534,0.0088,0.0,122.0,12.0,126.0,0.0,79.0,4,Wed,0.0353,1,0
32,0.0646,0.0562,0.0636,0.0734,0.0825,0.1177,0.0812,0.0455,0.0262,0.0073,0.0006,0.0019,0.0,0.0,0.0,0.0,0.0,0.0,0.0004,0.009,0.0449,0.0934,0.123,0.1085,0.089,0.214,0.2031,0.1085,0.1341,0.1706,0.0808,0.0,1290.0,259.0,1622.0,47.0,1548.0,22,Tue,0.0884,1,0
33,0.1136,0.075,0.1082,0.094,0.0766,0.056,0.0457,0.0141,0.0082,0.0033,0.0,0.0,0.0,0.0,0.0,0.0,0.0043,0.0,0.0016,0.006,0.0163,0.0875,0.1255,0.1641,0.0766,0.1755,0.1418,0.1685,0.1495,0.1571,0.131,8.0,228.0,44.0,860.0,6.0,694.0,23,Tue,0.0332,1,0
34,0.026,0.0327,0.046,0.0254,0.0734,0.1828,0.1728,0.0594,0.036,0.0067,0.0013,0.0,0.0,0.0,0.0,0.0,0.0,0.0,0.0007,0.03,0.0213,0.0947,0.1014,0.0894,0.1454,0.1734,0.2068,0.1181,0.1074,0.1047,0.1441,0.0,676.0,78.0,305.0,12.0,428.0,5,Wed,0.1328,0,0
35,0.1042,0.0796,0.1331,0.0376,0.0449,0.0622,0.11,0.0521,0.0101,0.0014,0.0,0.0,0.0,0.0,0.0,0.0,0.0,0.0,0.0,0.0232,0.0376,0.0796,0.0854,0.1389,0.0622,0.275,0.2113,0.2504,0.0868,0.0709,0.0434,0.0,162.0,42.0,276.0,1.0,210.0,23,Tue,0.0868,1,0
36,0.0645,0.0729,0.0512,0.033,0.0477,0.0764,0.0919,0.0799,0.0358,0.0007,0.0,0.0,0.0,0.0,0.0,0.0,0.0,0.0,0.0,0.0014,0.1171,0.1964,0.0996,0.0316,0.122,0.1851,0.155,0.1494,0.1578,0.1557,0.075,0.0,405.0,169.0,384.0,1.0,467.0,21,Tue,0.1178,1,0
37,0.0,0.049,0.0098,0.0,0.0,0.0294,0.1961,0.0882,0.0294,0.0,0.0,0.0,0.0,0.0,0.0,0.0,0.0,0.0,0.0,0.0,0.0098,0.2647,0.2451,0.0784,0.1275,0.1569,0.0098,0.0392,0.2745,0.2059,0.1863,0.0,35.0,1.0,6.0,0.0,60.0,21,Fri,0.1176,1,0
38,0.0679,0.0062,0.0679,0.0247,0.0617,0.1481,0.2099,0.1358,0.1605,0.0123,0.0,0.0,0.0,0.0,0.0,0.0,0.0,0.0,0.0,0.0,0.0062,0.0123,0.0494,0.037,0.0988,0.1173,0.1605,0.1914,0.1111,0.1111,0.2099,0.0,106.0,1.0,37.0,2.0,16.0,6,Sun,0.3086,0,0
39,0.0083,0.0381,0.1391,0.2119,0.2467,0.1705,0.053,0.0182,0.0066,0.0,0.0,0.0,0.0,0.0,0.0,0.0,0.0,0.0,0.0,0.0066,0.0017,0.0414,0.0381,0.0199,0.0281,0.1639,0.207,0.2119,0.0911,0.2235,0.0745,0.0,150.0,5.0,389.0,0.0,60.0,4,Sat,0.0314,1,0
40,0.017,0.0437,0.1001,0.0469,0.0607,0.0873,0.1427,0.0799,0.1512,0.1544,0.0192,0.0053,0.0011,0.0,0.0,0.0,0.0,0.0011,0.0,0.017,0.0128,0.0138,0.0234,0.0224,0.1864,0.1182,0.0948,0.1555,0.1587,0.1108,0.1757,1.0,433.0,29.0,252.0,168.0,56.0,9,Mon,0.4036,0,0
41,0.0315,0.021,0.0052,0.0577,0.1024,0.3071,0.2283,0.1129,0.042,0.0,0.0,0.0,0.0,0.0,0.0,0.0,0.0,0.0,0.0,0.0,0.0262,0.0157,0.0289,0.021,0.189,0.1339,0.168,0.1549,0.0735,0.1286,0.1522,0.0,263.0,10.0,83.0,0.0,25.0,5,Mon,0.1549,0,0
42,0.0973,0.0452,0.0513,0.0513,0.0321,0.1164,0.0643,0.0434,0.0061,0.007,0.0,0.0,0.0,0.0,0.0,0.0,0.0,0.0,0.0,0.0269,0.1816,0.1772,0.0573,0.0426,0.1651,0.1156,0.172,0.1468,0.1242,0.1685,0.1077,0.0,265.0,240.0,319.0,8.0,319.0,20,Wed,0.0834,1,0
43,0.0528,0.0698,0.0842,0.0519,0.0627,0.1065,0.094,0.0627,0.0689,0.0295,0.0269,0.0224,0.0,0.0,0.0,0.0,0.0,0.0116,0.0215,0.0206,0.0313,0.1137,0.0492,0.0197,0.1244,0.1289,0.0994,0.1244,0.0734,0.162,0.2874,0.0,371.0,95.0,359.0,88.0,204.0,21,Sun,0.2148,1,0
44,0.0452,0.036,0.0354,0.0759,0.1198,0.2284,0.2396,0.0833,0.0306,0.0061,0.0006,0.0023,0.0,0.0,0.0,0.0,0.0,0.0,0.0,0.0011,0.0037,0.0167,0.032,0.0433,0.2306,0.0854,0.1272,0.1172,0.1195,0.141,0.179,0.0,3618.0,30.0,1942.0,56.0,572.0,6,Mon,0.1211,0,0
45,0.0,0.0,0.0,0.0,0.2157,0.549,0.2353,0.0,0.0,0.0,0.0,0.0,0.0,0.0,0.0,0.0,0.0,0.0,0.0,0.0,0.0,0.0,0.0,0.0,0.0,0.1373,0.1373,0.3725,0.0,0.3529,0.0,0.0,40.0,0.0,11.0,0.0,0.0,5,Thu,0.0,0,0
46,0.0542,0.0059,0.0381,0.0029,0.0615,0.1171,0.205,0.0381,0.0,0.0,0.0044,0.0176,0.0,0.0029,0.0015,0.0,0.0,0.0,0.0,0.0542,0.0117,0.0732,0.1772,0.1347,0.0425,0.3133,0.1684,0.3221,0.0586,0.0498,0.0454,3.0,246.0,45.0,111.0,15.0,263.0,6,Thu,0.0923,1,0
47,0.0158,0.0053,0.1789,0.1211,0.0789,0.1105,0.0632,0.0368,0.0368,0.0,0.0,0.0,0.0,0.0,0.0,0.0,0.0,0.0,0.0,0.0,0.0421,0.1474,0.1,0.0632,0.0368,0.1737,0.1526,0.1368,0.1947,0.1789,0.1263,0.0,47.0,8.0,76.0,0.0,59.0,2,Fri,0.0736,1,0
48,0.1944,0.2222,0.0,0.0,0.0278,0.1389,0.0556,0.0278,0.0833,0.0278,0.0,0.0,0.0,0.0,0.0,0.0,0.0,0.0,0.0,0.0833,0.0,0.0278,0.0833,0.0278,0.1111,0.25,0.0556,0.1667,0.0833,0.1944,0.1389,0.0,11.0,3.0,16.0,1.0,5.0,1,Tue,0.2222,1,0
49,0.086,0.1006,0.0867,0.0491,0.086,0.0911,0.0338,0.0167,0.0127,0.0083,0.0025,0.0005,0.0009,0.0,0.0,0.0,0.0,0.0,0.0,0.0086,0.0306,0.1085,0.1166,0.1608,0.1879,0.1879,0.1425,0.127,0.1254,0.1451,0.0841,4.0,666.0,169.0,1762.0,49.0,1665.0,23,Mon,0.0463,1,0
50,0.1944,0.0556,0.0463,0.0648,0.0926,0.0556,0.1204,0.0093,0.0185,0.0093,0.0,0.0,0.0,0.0,0.0,0.0093,0.0,0.0,0.0,0.0,0.0,0.037,0.1111,0.1759,0.0741,0.0741,0.2222,0.1481,0.1759,0.1204,0.1852,1.0,22.0,0.0,49.0,1.0,35.0,0,Wed,0.0371,1,0
51,0.0062,0.0123,0.0185,0.0123,0.1605,0.1049,0.1358,0.1049,0.037,0.0,0.0,0.0,0.0,0.0,0.0,0.0,0.0,0.0,0.0,0.0432,0.0309,0.0864,0.1852,0.0617,0.1358,0.2778,0.0741,0.1852,0.0864,0.1173,0.1235,0.0,62.0,12.0,34.0,0.0,54.0,22,Tue,0.1851,1,0
52,0.0433,0.0192,0.0,0.0048,0.0096,0.0769,0.2788,0.3798,0.0529,0.0,0.0,0.0,0.0,0.0,0.0,0.0,0.0,0.0,0.0,0.0,0.0,0.0433,0.024,0.0673,0.024,0.1058,0.1779,0.1827,0.1779,0.1683,0.1635,0.0,164.0,0.0,16.0,0.0,28.0,7,Thu,0.4327,0,0
53,0.0847,0.0339,0.0,0.0,0.0169,0.0508,0.0678,0.1525,0.0339,0.0,0.0,0.0,0.0,0.0,0.0,0.0,0.0,0.0,0.2203,0.1186,0.0678,0.0847,0.0169,0.0508,0.1017,0.0508,0.2373,0.1356,0.2881,0.1525,0.0339,0.0,18.0,24.0,8.0,0.0,9.0,18,Fri,0.5253,0,0
54,0.0398,0.0447,0.0591,0.0299,0.102,0.1271,0.0958,0.0721,0.0426,0.0179,0.01,0.0072,0.0007,0.0,0.0,0.0,0.0,0.0007,0.0038,0.079,0.0862,0.0656,0.0735,0.0423,0.1457,0.0928,0.1323,0.1426,0.1137,0.212,0.1611,2.0,983.0,494.0,802.0,102.0,528.0,5,Sat,0.2161,0,0
55,0.0273,0.043,0.0577,0.0524,0.1027,0.0472,0.1205,0.0702,0.0597,0.0126,0.0,0.0,0.0,0.0,0.0,0.0,0.0,0.0,0.0021,0.1059,0.1405,0.0545,0.0482,0.0556,0.1426,0.1782,0.0671,0.0849,0.1698,0.1184,0.239,0.0,284.0,237.0,270.0,12.0,151.0,20,Sun,0.2505,0,0
56,0.0533,0.0414,0.0844,0.0334,0.051,0.207,0.1576,0.0796,0.0263,0.0008,0.0,0.0,0.0,0.0,0.0,0.0,0.0,0.0,0.0,0.0,0.0104,0.0701,0.1266,0.0581,0.1051,0.1911,0.1568,0.1346,0.1409,0.1393,0.1322,0.0,591.0,13.0,331.0,1.0,320.0,5,Tue,0.1067,1,0
57,0.0482,0.0526,0.0351,0.0351,0.0833,0.0921,0.2193,0.1053,0.0263,0.0175,0.0088,0.0,0.0,0.0,0.0,0.0,0.0,0.0,0.0,0.0132,0.0132,0.0526,0.1096,0.0877,0.0439,0.2149,0.1886,0.1009,0.1228,0.1711,0.1579,0.0,101.0,6.0,58.0,6.0,57.0,6,Tue,0.1623,1,0
58,0.0105,0.0105,0.0316,0.0211,0.0211,0.2526,0.2842,0.1263,0.0,0.0,0.0,0.0,0.0,0.0,0.0,0.0,0.0,0.0,0.0,0.0421,0.0105,0.1263,0.0421,0.0211,0.0632,0.1579,0.2105,0.1053,0.1895,0.0842,0.1895,0.0,63.0,5.0,9.0,0.0,18.0,6,Wed,0.1684,0,0
59,0.0717,0.0453,0.083,0.1358,0.0377,0.1434,0.0755,0.0377,0.0189,0.0,0.0,0.0,0.0,0.0,0.0,0.0,0.0,0.0,0.0,0.0,0.1547,0.0868,0.0075,0.1019,0.083,0.1019,0.1057,0.0792,0.4943,0.0302,0.1057,0.0,73.0,41.0,99.0,0.0,52.0,20,Fri,0.0566,1,0
60,0.2917,0.2083,0.0833,0.125,0.0417,0.0833,0.0417,0.0833,0.0,0.0,0.0,0.0,0.0,0.0,0.0,0.0,0.0,0.0,0.0,0.0,0.0417,0.0,0.0,0.0,0.0417,0.125,0.25,0.2917,0.125,0.0417,0.125,0.0,5.0,1.0,18.0,0.0,0.0,0,Thu,0.0833,1,0
61,0.0865,0.0673,0.0096,0.0288,0.0096,0.0481,0.1635,0.0385,0.0288,0.0,0.0,0.0,0.0,0.0,0.0,0.0,0.0,0.0,0.0,0.0,0.0962,0.3462,0.0481,0.0288,0.0673,0.0673,0.1538,0.1058,0.1346,0.1442,0.3269,0.0,29.0,10.0,21.0,0.0,44.0,21,Sun,0.0673,1,0
62,0.0407,0.0539,0.0702,0.0567,0.0814,0.1077,0.11,0.0542,0.0455,0.0253,0.0119,0.0228,0.0154,0.0058,0.0006,0.0,0.0,0.0,0.0006,0.0186,0.0513,0.0737,0.0814,0.0721,0.1593,0.1234,0.1382,0.0753,0.1273,0.1738,0.2026,68.0,990.0,220.0,945.0,187.0,709.0,6,Sun,0.1442,1,0
63,0.2222,0.0741,0.1296,0.0741,0.0741,0.1296,0.0926,0.0,0.037,0.0185,0.0,0.0,0.0,0.0,0.0,0.0,0.0,0.0,0.0,0.0185,0.0,0.0926,0.0,0.037,0.0556,0.1481,0.0556,0.1481,0.1111,0.1296,0.3519,0.0,14.0,1.0,31.0,1.0,7.0,0,Sun,0.074,1,0
64,0.1042,0.023,0.0689,0.0972,0.0548,0.0848,0.0459,0.0124,0.0018,0.0,0.0,0.0,0.0,0.0,0.0,0.0,0.0,0.0,0.0,0.0,0.0636,0.159,0.1749,0.1095,0.129,0.1502,0.1502,0.2615,0.1678,0.1042,0.0371,0.0,82.0,36.0,197.0,0.0,251.0,22,Thu,0.0142,1,0
65,0.0267,0.0283,0.0063,0.0142,0.0094,0.0881,0.0676,0.0142,0.0047,0.0,0.0,0.0,0.0,0.0,0.0,0.0,0.0,0.0,0.0,0.0016,0.0362,0.3443,0.2233,0.1352,0.1258,0.0299,0.1745,0.1053,0.0928,0.2453,0.2264,0.0,111.0,24.0,54.0,0.0,447.0,21,Sat,0.0205,1,0
66,0.0476,0.0,0.019,0.0,0.0095,0.0286,0.0857,0.1333,0.2095,0.0,0.0,0.0,0.0,0.0,0.0,0.0,0.0,0.0,0.0,0.0,0.0,0.0476,0.2952,0.1238,0.181,0.2286,0.1714,0.0381,0.0095,0.0952,0.2762,0.0,48.0,0.0,8.0,0.0,49.0,22,Sun,0.3428,1,0
67,0.0134,0.0334,0.0602,0.0535,0.1472,0.107,0.0535,0.2107,0.1405,0.0268,0.0134,0.01,0.0,0.0,0.0,0.0,0.0,0.0,0.0,0.0067,0.01,0.0702,0.0167,0.0268,0.4247,0.0435,0.0702,0.0234,0.0535,0.107,0.2776,0.0,153.0,5.0,92.0,15.0,34.0,7,Mon,0.3847,0,0
68,0.0071,0.0071,0.0095,0.0143,0.0154,0.0285,0.0178,0.0012,0.0,0.0,0.0,0.0,0.0,0.0,0.0,0.0,0.0,0.0,0.0071,0.2114,0.3171,0.266,0.0689,0.0285,0.0463,0.2518,0.1865,0.152,0.1235,0.1283,0.1116,0.0,40.0,451.0,45.0,0.0,306.0,20,Tue,0.2197,0,0
69,0.0614,0.0281,0.0128,0.0205,0.0128,0.1381,0.1867,0.023,0.0026,0.0026,0.0,0.0,0.0,0.0,0.0,0.0,0.0,0.0,0.0,0.0102,0.2174,0.0844,0.1995,0.0,0.1176,0.1586,0.3606,0.1074,0.046,0.1432,0.0665,0.0,137.0,89.0,53.0,1.0,111.0,20,Wed,0.0384,0,0
70,0.2136,0.0113,0.0647,0.1456,0.0955,0.178,0.144,0.0291,0.0049,0.0,0.0,0.0,0.0,0.0,0.0,0.0,0.0,0.0,0.0,0.0,0.0032,0.0049,0.0663,0.0388,0.1699,0.0453,0.1327,0.1764,0.0841,0.212,0.1796,0.0,220.0,2.0,328.0,0.0,68.0,0,Sat,0.034,1,0
71,0.0558,0.0916,0.1394,0.1394,0.0518,0.0677,0.1394,0.0478,0.0319,0.0,0.0,0.0,0.0,0.0,0.0,0.0,0.0,0.0,0.0,0.0199,0.0199,0.0598,0.0677,0.0677,0.0797,0.1514,0.2151,0.0837,0.2789,0.0837,0.1076,0.0,72.0,10.0,120.0,0.0,49.0,2,Fri,0.0996,1,0
72,0.0,0.0,0.0,0.0952,0.0476,0.0,0.0476,0.1905,0.0,0.0,0.0,0.0,0.0,0.0,0.0,0.0,0.0,0.0,0.0,0.0,0.0952,0.381,0.0952,0.0476,0.1905,0.3333,0.2381,0.0476,0.0476,0.0476,0.0952,0.0,5.0,2.0,3.0,0.0,11.0,21,Tue,0.1905,1,0
73,0.0323,0.0968,0.0753,0.0645,0.1183,0.0645,0.129,0.0538,0.0538,0.0,0.0,0.0,0.0,0.0,0.0,0.0,0.0,0.0,0.0,0.0215,0.0645,0.043,0.1183,0.0645,0.1183,0.172,0.0968,0.1183,0.1935,0.172,0.129,0.0,28.0,8.0,36.0,0.0,21.0,6,Fri,0.1291,1,0
74,0.0331,0.0166,0.0,0.0,0.0055,0.221,0.1823,0.1602,0.0773,0.0,0.0,0.0,0.0,0.0,0.0,0.0,0.0,0.0,0.0,0.0,0.0663,0.0994,0.0884,0.0497,0.1215,0.1326,0.1271,0.1657,0.1326,0.1105,0.2099,0.0,116.0,12.0,10.0,0.0,43.0,5,Sun,0.2375,0,0
75,0.0332,0.0312,0.0254,0.0098,0.0293,0.166,0.2676,0.2168,0.0781,0.002,0.002,0.0,0.0,0.0,0.0,0.0,0.0,0.0,0.0,0.002,0.002,0.0605,0.043,0.0312,0.1445,0.1484,0.084,0.1562,0.1289,0.1602,0.1777,0.0,373.0,2.0,66.0,2.0,69.0,6,Sun,0.2989,0,0
76,0.0875,0.1,0.025,0.075,0.15,0.075,0.0375,0.0,0.0,0.0,0.0125,0.0,0.0,0.0,0.0,0.0,0.0,0.0,0.0,0.0,0.0125,0.0375,0.25,0.1375,0.0,0.0625,0.5,0.0,0.35,0.0375,0.05,0.0,9.0,1.0,35.0,1.0,34.0,22,Wed,0.0,1,0
77,0.0357,0.0,0.0,0.0,0.0,0.9286,0.0,0.0357,0.0,0.0,0.0,0.0,0.0,0.0,0.0,0.0,0.0,0.0,0.0,0.0,0.0,0.0,0.0,0.0,0.1429,0.0,0.1786,0.1786,0.0357,0.4643,0.0,0.0,27.0,0.0,1.0,0.0,0.0,5,Sat,0.0357,0,0
78,0.0873,0.0094,0.0472,0.0118,0.1368,0.0991,0.0377,0.0637,0.0047,0.0024,0.0,0.0,0.0,0.0,0.0,0.0,0.0,0.0,0.0,0.0094,0.0613,0.1368,0.1462,0.1462,0.0967,0.2146,0.0896,0.2052,0.1014,0.1769,0.1156,0.0,87.0,30.0,124.0,1.0,182.0,22,Tue,0.0802,1,0
79,0.1207,0.1264,0.0632,0.0862,0.1034,0.1437,0.092,0.0287,0.0287,0.0172,0.0,0.0,0.0,0.0,0.0,0.0,0.0,0.0,0.0,0.0345,0.0115,0.0057,0.0402,0.0977,0.1724,0.1552,0.1092,0.1322,0.2471,0.1034,0.0805,0.0,51.0,8.0,87.0,3.0,25.0,5,Fri,0.1091,1,0
80,0.0,0.2353,0.0,0.0,0.0,0.5882,0.0588,0.1176,0.0,0.0,0.0,0.0,0.0,0.0,0.0,0.0,0.0,0.0,0.0,0.0,0.0,0.0,0.0,0.0,0.0,0.0,0.0,0.2941,0.0,0.2941,0.4118,0.0,13.0,0.0,4.0,0.0,0.0,5,Sun,0.1176,0,1
81,0.08,0.02,0.12,0.06,0.06,0.12,0.1,0.02,0.08,0.06,0.0,0.0,0.0,0.0,0.0,0.0,0.0,0.0,0.0,0.0,0.02,0.14,0.08,0.04,0.02,0.12,0.24,0.3,0.1,0.12,0.1,0.0,16.0,1.0,17.0,3.0,13.0,21,Thu,0.16,1,0
82,0.0,0.0,0.0,0.0185,0.0,0.2593,0.4259,0.1852,0.0,0.0,0.0,0.0,0.0,0.0,0.0,0.0,0.0,0.0,0.0,0.0,0.0,0.0185,0.0926,0.0,0.0741,0.0185,0.0,0.1481,0.4815,0.0,0.2778,0.0,47.0,0.0,1.0,0.0,6.0,6,Fri,0.1852,0,0
83,0.0428,0.0272,0.1401,0.1206,0.1089,0.1518,0.1012,0.0856,0.0195,0.0233,0.0,0.0039,0.0,0.0,0.0,0.0,0.0,0.0,0.0039,0.0,0.0156,0.0272,0.0856,0.0428,0.1829,0.1323,0.1167,0.1712,0.1401,0.1362,0.1206,0.0,92.0,5.0,113.0,7.0,40.0,5,Mon,0.1323,1,0
84,0.0184,0.0369,0.0783,0.0184,0.106,0.1429,0.2074,0.106,0.0046,0.0046,0.0,0.0,0.0,0.0,0.0,0.0,0.0,0.0,0.0,0.0,0.0415,0.1014,0.0783,0.0553,0.1475,0.1475,0.1613,0.106,0.1014,0.1659,0.1705,0.0,100.0,9.0,56.0,1.0,51.0,6,Sun,0.1152,0,0
85,0.0313,0.1391,0.0209,0.007,0.0087,0.1965,0.16,0.2087,0.0122,0.0104,0.0,0.0,0.0,0.0,0.0,0.0,0.0,0.0,0.0,0.0,0.087,0.0852,0.0191,0.0139,0.1113,0.1148,0.1043,0.153,0.2487,0.2052,0.0626,0.0,332.0,50.0,119.0,6.0,68.0,7,Fri,0.2313,0,0
86,0.0556,0.1667,0.0556,0.0,0.0,0.0,0.0,0.0,0.0,0.0,0.0,0.0,0.0,0.0,0.0,0.0,0.0,0.0,0.0,0.0,0.2222,0.2222,0.0556,0.2222,0.0556,0.2778,0.3333,0.3333,0.0,0.0,0.0,0.0,0.0,4.0,5.0,0.0,9.0,20,Wed,0.0,1,0
87,0.0556,0.1111,0.0,0.0,0.0,0.0,0.0,0.0278,0.0,0.0,0.0,0.0,0.0,0.0,0.0,0.0,0.0,0.0,0.0,0.0,0.0,0.0,0.5833,0.2222,0.0556,0.0,0.0278,0.1111,0.0,0.0,0.8056,0.0,1.0,0.0,6.0,0.0,29.0,22,Sun,0.0278,1,1
88,0.0294,0.0734,0.086,0.13,0.174,0.1069,0.1447,0.0482,0.0461,0.0021,0.0,0.0,0.0,0.0,0.0,0.0,0.0,0.0,0.0,0.0,0.0231,0.0294,0.0461,0.0608,0.1426,0.0713,0.1216,0.1468,0.1069,0.1551,0.2558,0.0,165.0,11.0,235.0,1.0,65.0,4,Sun,0.0964,1,0
89,0.58,0.06,0.1,0.12,0.02,0.0,0.0,0.12,0.0,0.0,0.0,0.0,0.0,0.0,0.0,0.0,0.0,0.0,0.0,0.0,0.0,0.0,0.0,0.0,0.1,0.12,0.02,0.32,0.0,0.0,0.44,0.0,6.0,0.0,44.0,0.0,0.0,0,Sun,0.12,1,0
90,0.2224,0.0069,0.0293,0.0793,0.0448,0.0552,0.0983,0.1483,0.0948,0.0017,0.0,0.0,0.0,0.0,0.0,0.0,0.0,0.0,0.0,0.0345,0.0414,0.0345,0.0655,0.0431,0.1759,0.0448,0.3034,0.0879,0.1121,0.2138,0.0621,0.0,230.0,44.0,222.0,1.0,83.0,0,Wed,0.2793,1,0
91,0.0327,0.0449,0.098,0.098,0.102,0.0653,0.1306,0.0449,0.0653,0.0163,0.0,0.0082,0.0,0.0,0.0,0.0,0.0,0.0,0.0,0.0,0.0531,0.1265,0.0735,0.0408,0.1265,0.2,0.151,0.151,0.102,0.0776,0.1918,0.0,75.0,13.0,92.0,6.0,59.0,6,Tue,0.1265,1,0
92,0.0714,0.0179,0.0,0.0357,0.0893,0.5,0.125,0.0536,0.0,0.0,0.0179,0.0,0.0,0.0,0.0,0.0,0.0,0.0,0.0,0.0,0.0179,0.0357,0.0,0.0357,0.0,0.1429,0.0179,0.0357,0.3571,0.2321,0.2143,0.0,38.0,1.0,12.0,1.0,4.0,5,Fri,0.0536,0,0
93,0.0575,0.046,0.2184,0.069,0.1264,0.2069,0.1092,0.023,0.0115,0.0,0.0,0.0,0.0,0.0,0.0,0.0,0.0,0.0,0.0,0.0,0.0,0.046,0.046,0.0402,0.1437,0.0632,0.092,0.1264,0.092,0.1494,0.3333,0.0,61.0,0.0,90.0,0.0,23.0,2,Sun,0.0345,1,0
94,0.0129,0.0,0.0357,0.0556,0.0914,0.1003,0.3267,0.1013,0.006,0.001,0.0,0.0,0.0,0.0,0.0,0.0,0.0,0.0,0.0,0.0,0.005,0.0308,0.0993,0.1341,0.0,0.1281,0.286,0.2622,0.1529,0.143,0.0278,0.0,538.0,5.0,197.0,1.0,266.0,6,Wed,0.1083,0,0
95,0.0302,0.0,0.0,0.0302,0.3793,0.2672,0.0991,0.0819,0.0474,0.0043,0.0,0.0,0.0,0.0,0.0,0.0,0.0,0.0,0.0,0.0,0.0129,0.0,0.0259,0.0216,0.0043,0.125,0.1422,0.0302,0.1509,0.0172,0.5302,0.0,115.0,3.0,102.0,1.0,11.0,4,Sun,0.1336,0,1
96,0.0192,0.0577,0.0962,0.1538,0.0192,0.1538,0.0769,0.0962,0.0385,0.0,0.0,0.0,0.0,0.0,0.0,0.0,0.0,0.0,0.0,0.0385,0.1154,0.0769,0.0385,0.0192,0.0385,0.3077,0.0769,0.1538,0.2308,0.0769,0.1154,0.0,19.0,8.0,18.0,0.0,7.0,3,Tue,0.1732,0,0
97,0.0345,0.0,0.1379,0.0517,0.0517,0.0345,0.1897,0.0172,0.0862,0.0,0.0,0.0,0.0,0.0,0.0,0.0,0.0,0.0,0.0,0.0517,0.1034,0.1207,0.0,0.1207,0.069,0.2414,0.1379,0.1724,0.0345,0.0345,0.3103,0.0,19.0,9.0,16.0,0.0,14.0,6,Sun,0.1551,1,0
98,0.2272,0.0296,0.1457,0.1654,0.0099,0.1506,0.0938,0.0469,0.079,0.0,0.0,0.0,0.0,0.0,0.0,0.0,0.0,0.0,0.0,0.0,0.0,0.0123,0.0025,0.037,0.1284,0.0741,0.1012,0.1802,0.1037,0.1975,0.2148,0.0,150.0,0.0,234.0,0.0,21.0,0,Sun,0.1259,1,0
99,0.0435,0.0217,0.0217,0.0217,0.0652,0.087,0.0217,0.2391,0.087,0.0,0.0,0.0,0.0,0.0,0.0,0.0,0.0,0.0,0.0,0.0,0.0217,0.1304,0.1522,0.087,0.0435,0.1087,0.7391,0.0435,0.0652,0.0,0.0,0.0,20.0,1.0,8.0,0.0,17.0,7,Wed,0.3261,1,0
100,0.082,0.0546,0.0984,0.071,0.0656,0.0929,0.1202,0.0656,0.0328,0.0055,0.0055,0.0055,0.0,0.0,0.0,0.0,0.0,0.0,0.0,0.0328,0.0273,0.0765,0.0929,0.071,0.1585,0.2459,0.1093,0.1366,0.1585,0.082,0.1093,0.0,57.0,11.0,68.0,3.0,44.0,6,Tue,0.1367,1,0
101,0.0993,0.1388,0.1316,0.0936,0.0751,0.1009,0.0468,0.0646,0.0517,0.0032,0.0032,0.0,0.0,0.0,0.0,0.0,0.0,0.0,0.0,0.0387,0.0097,0.0355,0.0444,0.063,0.0355,0.184,0.159,0.2155,0.1711,0.1364,0.0985,0.0,327.0,60.0,667.0,8.0,177.0,1,Thu,0.1582,1,0
102,0.1667,0.0556,0.3889,0.0,0.0,0.0,0.0556,0.0556,0.0,0.0,0.0,0.0,0.0,0.0,0.0,0.0,0.0,0.0,0.0,0.0,0.0556,0.0,0.2222,0.0,0.7222,0.0,0.0,0.0,0.0,0.0,0.2778,0.0,2.0,1.0,11.0,0.0,4.0,2,Mon,0.0556,1,0
103,0.0265,0.0796,0.1681,0.0708,0.0265,0.1593,0.1416,0.0531,0.0796,0.0265,0.0,0.0,0.0,0.0,0.0,0.0,0.0,0.0,0.0,0.0,0.0265,0.0354,0.0177,0.0885,0.0796,0.1947,0.0973,0.2035,0.177,0.1327,0.115,0.0,49.0,3.0,42.0,3.0,16.0,2,Thu,0.1592,1,0
104,0.0362,0.0452,0.0452,0.0769,0.2172,0.1946,0.0905,0.0271,0.0317,0.0181,0.0,0.0,0.0,0.0,0.0,0.0,0.0,0.0,0.0,0.0136,0.0,0.0226,0.0407,0.1403,0.0995,0.1312,0.086,0.2896,0.1991,0.1719,0.0226,0.0,76.0,3.0,93.0,4.0,45.0,4,Thu,0.0905,1,0
105,0.0,0.0,0.0,0.0556,0.0,0.25,0.1667,0.0278,0.0,0.0,0.0,0.0,0.0,0.0,0.0,0.0,0.0,0.0,0.0,0.0,0.0,0.1944,0.3056,0.0,0.0556,0.3889,0.25,0.1667,0.0278,0.1111,0.0,0.0,16.0,0.0,2.0,0.0,18.0,22,Tue,0.0278,1,0
106,0.0877,0.0,0.0,0.0,0.0,0.2632,0.4211,0.2105,0.0175,0.0,0.0,0.0,0.0,0.0,0.0,0.0,0.0,0.0,0.0,0.0,0.0,0.0,0.0,0.0,0.0351,0.386,0.0,0.0,0.4386,0.0175,0.1228,0.0,52.0,0.0,5.0,0.0,0.0,6,Fri,0.228,0,0
107,0.0333,0.1571,0.0571,0.1,0.0333,0.0476,0.1095,0.019,0.019,0.0429,0.0048,0.0095,0.0,0.0048,0.0,0.0,0.0,0.0,0.0,0.0095,0.0286,0.0381,0.1238,0.1619,0.2476,0.0905,0.1238,0.0667,0.1429,0.1286,0.2,1.0,41.0,8.0,80.0,12.0,68.0,23,Mon,0.0904,1,0
108,0.1338,0.0282,0.0282,0.162,0.007,0.169,0.0352,0.0,0.0,0.0,0.0,0.0,0.0,0.0,0.0,0.0,0.0,0.0,0.0,0.0,0.0282,0.1197,0.1761,0.1127,0.2746,0.0986,0.1901,0.1197,0.1901,0.0845,0.0423,0.0,29.0,4.0,51.0,0.0,58.0,22,Mon,0.0,1,0
109,0.0,0.0,0.0,0.0,0.0,0.2857,0.1429,0.0,0.0,0.0,0.0,0.0,0.0,0.0,0.0,0.0,0.0,0.0,0.0,0.0,0.0,0.5,0.0714,0.0,0.0,0.0,0.0,0.3571,0.6429,0.0,0.0,0.0,6.0,0.0,0.0,0.0,8.0,21,Fri,0.0,1,0
110,0.0,0.06,0.02,0.02,0.1,0.1,0.28,0.02,0.0,0.0,0.0,0.0,0.0,0.0,0.0,0.0,0.0,0.0,0.0,0.0,0.24,0.1,0.04,0.02,0.12,0.06,0.16,0.14,0.12,0.26,0.14,0.0,20.0,12.0,10.0,0.0,8.0,6,Sat,0.02,0,0
111,0.0034,0.0103,0.0821,0.0376,0.0085,0.0427,0.0256,0.0821,0.0803,0.0,0.0,0.0,0.0,0.0,0.0,0.0,0.0,0.0,0.0,0.1299,0.065,0.1675,0.1983,0.0667,0.1316,0.1675,0.0803,0.0718,0.1897,0.2684,0.0906,0.0,135.0,114.0,83.0,0.0,253.0,22,Sat,0.2923,1,0
112,0.0887,0.0645,0.1452,0.0242,0.1129,0.0565,0.0565,0.0,0.0081,0.0,0.0,0.0,0.0,0.0,0.0,0.0,0.0,0.0,0.0,0.0,0.0726,0.0645,0.1048,0.2016,0.1694,0.0887,0.1532,0.0726,0.121,0.25,0.1452,0.0,15.0,9.0,54.0,0.0,46.0,23,Sat,0.0081,1,0
113,0.0395,0.0734,0.1695,0.0395,0.0904,0.0734,0.2316,0.1017,0.0452,0.0,0.0,0.0,0.0,0.0,0.0,0.0,0.0,0.0,0.0,0.0,0.0226,0.0395,0.0339,0.0395,0.096,0.0847,0.0791,0.1582,0.096,0.3672,0.1186,0.0,80.0,4.0,73.0,0.0,20.0,6,Sat,0.1469,1,0
114,0.3636,0.2576,0.0455,0.0,0.0152,0.0,0.0152,0.0,0.0,0.0,0.0,0.0,0.0,0.0,0.0,0.0,0.0,0.0,0.0,0.0,0.0,0.0,0.0152,0.2879,0.0909,0.1515,0.2879,0.1667,0.1364,0.0758,0.0909,0.0,1.0,0.0,45.0,0.0,20.0,0,Wed,0.0,1,0
115,0.037,0.037,0.0741,0.0,0.2593,0.037,0.0,0.0,0.0,0.0,0.0,0.0,0.0,0.0,0.0,0.0,0.0,0.0,0.0,0.1111,0.1111,0.1111,0.1481,0.0741,0.037,0.2963,0.2222,0.1852,0.2222,0.037,0.0,0.0,1.0,6.0,11.0,0.0,9.0,4,Tue,0.1111,1,0
116,0.0952,0.0476,0.0476,0.0476,0.0476,0.0952,0.0952,0.0952,0.2381,0.0,0.0,0.0,0.0,0.0,0.0,0.0,0.0,0.0,0.0,0.0,0.0,0.0476,0.1429,0.0,0.0,0.1429,0.4286,0.0476,0.1429,0.0476,0.1905,0.0,11.0,0.0,6.0,0.0,4.0,8,Wed,0.3333,0,0
117,0.1959,0.0878,0.0,0.0,0.0,0.0068,0.0,0.0,0.0,0.0,0.0,0.0,0.0,0.0,0.0,0.0,0.0,0.0,0.0,0.0,0.0135,0.0743,0.3311,0.2905,0.0743,0.2635,0.1959,0.0743,0.1689,0.1554,0.0676,0.0,1.0,2.0,42.0,0.0,103.0,22,Tue,0.0,1,0
118,0.0,0.0,0.0556,0.0,0.1111,0.7222,0.0,0.0556,0.0,0.0,0.0,0.0,0.0,0.0,0.0,0.0,0.0,0.0,0.0,0.0,0.0,0.0556,0.0,0.0,0.0556,0.0,0.0556,0.1667,0.0556,0.6667,0.0,0.0,14.0,0.0,3.0,0.0,1.0,5,Sat,0.0556,0,1
119,0.0551,0.1024,0.0315,0.0709,0.1024,0.063,0.126,0.0866,0.0236,0.0,0.0,0.0,0.0,0.0,0.0,0.0,0.0,0.0,0.0,0.0,0.0472,0.0551,0.1496,0.0866,0.1496,0.0866,0.1339,0.2362,0.0394,0.2205,0.1339,0.0,38.0,6.0,46.0,0.0,37.0,22,Thu,0.1102,1,0
120,0.0289,0.0124,0.0537,0.1653,0.0331,0.0165,0.0289,0.1322,0.0289,0.0,0.0,0.0,0.0,0.0,0.0,0.0,0.0,0.0,0.0,0.0041,0.1157,0.2025,0.1612,0.0165,0.0083,0.1033,0.0331,0.1281,0.0372,0.3802,0.3099,0.0,50.0,29.0,71.0,0.0,92.0,21,Sat,0.1652,1,1
121,0.0451,0.0226,0.1404,0.1955,0.1253,0.0526,0.0351,0.0201,0.0201,0.0075,0.0,0.0075,0.0075,0.0,0.0,0.0,0.0,0.0,0.005,0.1278,0.0476,0.0727,0.0476,0.0201,0.0351,0.1278,0.0476,0.4185,0.1103,0.1905,0.0702,3.0,51.0,72.0,211.0,6.0,56.0,3,Thu,0.1805,1,0
122,0.0714,0.0714,0.0,0.0,0.0,0.0,0.0,0.0,0.0,0.0,0.0,0.0,0.0,0.0,0.0,0.0,0.0,0.0,0.0,0.0,0.1429,0.7143,0.0,0.0,0.0,0.5,0.0714,0.2143,0.2143,0.0,0.0,0.0,0.0,2.0,2.0,0.0,10.0,21,Tue,0.0,1,0
123,0.0539,0.0539,0.112,0.0498,0.1701,0.0705,0.0249,0.0207,0.083,0.1079,0.0,0.0,0.0,0.0,0.0,0.0,0.0,0.0,0.0,0.0,0.0083,0.0415,0.1452,0.0581,0.1162,0.1079,0.1909,0.1992,0.0207,0.2614,0.1037,0.0,48.0,2.0,106.0,26.0,59.0,4,Sat,0.2116,1,0
124,0.1379,0.0345,0.0,0.3448,0.2414,0.0,0.0,0.0,0.0,0.0,0.0,0.0,0.0,0.0,0.0,0.0,0.0,0.0,0.0,0.0,0.0,0.0,0.1034,0.1379,0.2414,0.069,0.4483,0.0,0.0345,0.1379,0.069,0.0,0.0,0.0,22.0,0.0,7.0,3,Wed,0.0,1,0
125,0.1379,0.1379,0.2069,0.0,0.0,0.0,0.0,0.0,0.0345,0.0,0.0,0.0,0.0,0.0,0.0,0.0,0.0,0.0,0.0,0.0,0.1034,0.069,0.1034,0.2069,0.069,0.1034,0.1379,0.2414,0.3103,0.1034,0.0345,0.0,1.0,3.0,14.0,0.0,11.0,2,Fri,0.0345,1,0
126,0.0515,0.0722,0.134,0.1134,0.0722,0.1959,0.1031,0.0722,0.0206,0.0,0.0,0.0,0.0,0.0,0.0,0.0,0.0,0.0,0.0,0.0,0.0103,0.0722,0.0309,0.0515,0.1443,0.1753,0.1134,0.2165,0.0619,0.0928,0.1959,0.0,38.0,1.0,43.0,0.0,15.0,5,Thu,0.0928,1,0
127,0.1198,0.5365,0.0938,0.0052,0.0104,0.0365,0.0104,0.0104,0.0052,0.0,0.0,0.0,0.0,0.0,0.0,0.0,0.0,0.0,0.0052,0.0052,0.0,0.026,0.0938,0.0417,0.0521,0.1302,0.1927,0.2917,0.1406,0.1667,0.026,0.0,12.0,2.0,147.0,0.0,31.0,1,Thu,0.026,1,0
128,0.0866,0.0476,0.039,0.0346,0.1039,0.2078,0.2554,0.026,0.0043,0.0,0.0,0.0,0.0,0.0,0.0,0.0,0.0,0.0,0.0,0.0,0.0,0.0303,0.0649,0.0996,0.1948,0.0866,0.0563,0.0909,0.0693,0.2165,0.2857,0.0,114.0,0.0,72.0,0.0,45.0,6,Sun,0.0303,1,1
129,0.0811,0.3243,0.0901,0.045,0.0991,0.0,0.0,0.0,0.0,0.0,0.0,0.0,0.0,0.0,0.0,0.0,0.0,0.0,0.0,0.0,0.0,0.0901,0.0,0.2703,0.1171,0.2342,0.3694,0.0901,0.1892,0.0,0.0,0.0,0.0,0.0,71.0,0.0,40.0,1,Wed,0.0,1,0
130,0.2914,0.1104,0.0767,0.0521,0.0123,0.0521,0.0368,0.0031,0.0276,0.0,0.0,0.0061,0.0,0.0,0.0,0.0,0.0,0.0,0.0,0.0,0.0031,0.0245,0.1196,0.184,0.1994,0.1534,0.1626,0.1166,0.1258,0.184,0.0583,0.0,39.0,1.0,177.0,2.0,107.0,0,Mon,0.0307,1,0
131,0.2174,0.0,0.0,0.0435,0.0,0.087,0.2174,0.0435,0.0,0.0,0.0,0.0,0.0,0.0,0.0,0.0,0.0,0.0,0.0,0.0,0.0,0.0435,0.087,0.2609,0.087,0.1304,0.2609,0.087,0.0435,0.1304,0.2609,0.0,8.0,0.0,6.0,0.0,9.0,23,Wed,0.0435,1,0
132,0.0278,0.25,0.0556,0.0278,0.0833,0.0556,0.0,0.0833,0.0556,0.0278,0.0,0.0,0.0,0.0,0.0,0.0,0.0,0.0,0.0,0.0556,0.0,0.0833,0.0833,0.1111,0.1111,0.0833,0.0833,0.25,0.1389,0.1111,0.2222,0.0,7.0,2.0,16.0,1.0,10.0,1,Thu,0.2223,1,0
133,0.0,0.0,0.0,0.0,0.076,0.416,0.044,0.0,0.0,0.0,0.0,0.0,0.0,0.0,0.0,0.0,0.0,0.0,0.0,0.0,0.016,0.248,0.168,0.032,0.12,0.328,0.124,0.232,0.12,0.032,0.044,0.0,115.0,4.0,19.0,0.0,112.0,5,Tue,0.0,1,0
134,0.1224,0.0357,0.1276,0.0714,0.1173,0.1276,0.0153,0.0051,0.0,0.0051,0.0,0.0,0.0,0.0,0.0,0.0,0.0,0.0,0.0,0.0,0.0153,0.0612,0.1684,0.1276,0.0867,0.3571,0.148,0.1224,0.1531,0.0969,0.0357,0.0,29.0,3.0,93.0,1.0,70.0,22,Tue,0.0102,1,0
135,0.0139,0.0278,0.0278,0.0,0.0,0.1389,0.5139,0.0,0.0,0.0,0.0,0.0,0.0,0.0,0.0,0.0,0.0,0.0,0.0,0.0,0.0139,0.0556,0.0972,0.1111,0.1389,0.2778,0.0833,0.0139,0.125,0.2778,0.0833,0.0,47.0,1.0,5.0,0.0,19.0,6,Tue,0.0,0,0
136,0.053,0.0505,0.053,0.101,0.0253,0.1616,0.0732,0.0354,0.0177,0.0,0.0,0.0,0.0,0.0,0.0,0.0,0.0,0.0,0.0,0.1086,0.0177,0.0379,0.2374,0.0278,0.096,0.2071,0.3611,0.1465,0.0657,0.0581,0.0657,0.0,114.0,50.0,112.0,0.0,120.0,22,Wed,0.1617,1,0
137,0.0,0.0,0.0,0.0,0.1795,0.1026,0.0256,0.0513,0.0256,0.0769,0.0,0.0,0.0,0.0,0.0,0.0,0.0,0.0,0.0,0.0,0.0256,0.2564,0.2051,0.0513,0.2564,0.0769,0.0769,0.0769,0.3333,0.1795,0.0,0.0,8.0,1.0,7.0,3.0,20.0,21,Fri,0.1538,1,0
138,0.0,0.0164,0.0328,0.082,0.082,0.1475,0.1311,0.0492,0.0984,0.0,0.0,0.0,0.0,0.0,0.0,0.0,0.0,0.0,0.0,0.0164,0.1148,0.0328,0.1148,0.082,0.082,0.1967,0.1803,0.1639,0.1639,0.1148,0.0984,0.0,26.0,8.0,13.0,0.0,14.0,5,Tue,0.164,0,0
139,0.0321,0.0,0.0,0.0064,0.0,0.2179,0.2179,0.141,0.0897,0.0769,0.0,0.0,0.0,0.0,0.0,0.0,0.0,0.0,0.0,0.0,0.0449,0.0641,0.0321,0.0769,0.0577,0.0962,0.0769,0.0897,0.2885,0.25,0.141,0.0,104.0,7.0,6.0,12.0,27.0,5,Fri,0.3076,0,0
140,0.0,0.0588,0.0,0.0,0.2353,0.7059,0.0,0.0,0.0,0.0,0.0,0.0,0.0,0.0,0.0,0.0,0.0,0.0,0.0,0.0,0.0,0.0,0.0,0.0,0.0,0.0588,0.1176,0.0588,0.0,0.0588,0.7059,0.0,12.0,0.0,5.0,0.0,0.0,5,Sun,0.0,0,1
141,0.0,0.0137,0.0479,0.0548,0.0411,0.0753,0.0753,0.0068,0.0,0.0,0.0,0.0,0.0137,0.0,0.0,0.0,0.0,0.0,0.0,0.0,0.0411,0.0753,0.1027,0.4521,0.1096,0.0616,0.1438,0.1575,0.0959,0.411,0.0205,2.0,23.0,6.0,23.0,0.0,92.0,23,Sat,0.0068,1,0
142,0.1277,0.2553,0.1809,0.0213,0.0106,0.0106,0.1277,0.0957,0.0,0.0,0.0,0.0,0.0,0.0,0.0,0.0,0.0,0.0,0.0,0.0,0.0,0.0213,0.0213,0.1277,0.0,0.1277,0.1489,0.2553,0.3404,0.0957,0.0319,0.0,22.0,0.0,56.0,0.0,16.0,1,Fri,0.0957,1,0
143,0.0,0.1031,0.0,0.0412,0.0,0.1237,0.0,0.0928,0.3711,0.0,0.0,0.1443,0.0,0.0,0.0,0.0,0.0,0.0,0.0,0.0,0.1031,0.0,0.0206,0.0,0.0928,0.0722,0.0,0.3299,0.2371,0.134,0.134,0.0,57.0,10.0,14.0,14.0,2.0,8,Thu,0.4639,0,0
144,0.0168,0.0189,0.0357,0.0714,0.0987,0.1134,0.1513,0.0735,0.0063,0.0252,0.0042,0.0,0.0,0.0,0.0,0.0,0.0,0.0,0.0,0.0294,0.0462,0.1324,0.1155,0.0609,0.1008,0.0882,0.1155,0.2122,0.1218,0.1345,0.2269,0.0,164.0,36.0,115.0,14.0,147.0,6,Sun,0.1344,1,0
145,0.0139,0.0833,0.0,0.125,0.1111,0.3472,0.1111,0.0139,0.0,0.0139,0.0139,0.0,0.0,0.0,0.0,0.0,0.0,0.0,0.0,0.0,0.0,0.0417,0.0972,0.0278,0.375,0.0556,0.125,0.2083,0.2083,0.0139,0.0139,0.0,34.0,0.0,24.0,2.0,12.0,5,Mon,0.0278,0,0
146,0.2045,0.0,0.2159,0.1705,0.1818,0.0341,0.0114,0.0227,0.0682,0.0,0.0,0.0,0.0,0.0,0.0,0.0,0.0,0.0227,0.0114,0.0,0.0114,0.0,0.0455,0.0,0.0909,0.5682,0.0227,0.2386,0.0682,0.0114,0.0,0.0,12.0,4.0,68.0,0.0,4.0,2,Tue,0.125,1,0
147,0.0,0.0,0.0,0.05,0.0,0.1,0.35,0.1,0.25,0.0,0.0,0.0,0.0,0.0,0.0,0.0,0.0,0.0,0.0,0.0,0.0,0.0,0.0,0.15,0.0,0.0,0.25,0.7,0.0,0.0,0.05,0.0,16.0,0.0,1.0,0.0,3.0,6,Thu,0.35,0,0
148,0.1277,0.1277,0.1064,0.0426,0.0,0.1702,0.0851,0.1064,0.0,0.0851,0.0,0.0,0.0,0.0,0.0,0.0,0.0,0.0,0.0,0.0,0.0,0.0,0.1064,0.0426,0.4043,0.1277,0.0426,0.0426,0.1064,0.0638,0.2128,0.0,17.0,0.0,19.0,4.0,7.0,5,Mon,0.1915,1,0
149,0.0762,0.0476,0.0,0.0095,0.0571,0.1619,0.1905,0.2381,0.0,0.0,0.0,0.0,0.0,0.0,0.0,0.0,0.0,0.0,0.0,0.0,0.0095,0.1429,0.0571,0.0095,0.0857,0.1143,0.4476,0.1429,0.1429,0.0476,0.019,0.0,62.0,1.0,20.0,0.0,22.0,7,Wed,0.2381,0,0
150,0.0,0.0,0.0,0.0909,0.0,0.1818,0.3636,0.0,0.0909,0.0909,0.0,0.0,0.0,0.0,0.0,0.0,0.0,0.0,0.0,0.0,0.0,0.0909,0.0909,0.0,0.0909,0.0909,0.0909,0.1818,0.1818,0.2727,0.0909,0.0,7.0,0.0,1.0,1.0,2.0,6,Sat,0.1818,0,0
151,0.0714,0.2857,0.2143,0.2857,0.0,0.0,0.0,0.0,0.0,0.0,0.0,0.0,0.0,0.0,0.0,0.0,0.0,0.0,0.0,0.0,0.0,0.0,0.0,0.1429,0.0,0.2857,0.1429,0.2143,0.1429,0.0714,0.1429,0.0,0.0,0.0,12.0,0.0,2.0,1,Tue,0.0,1,0
152,0.007,0.0,0.007,0.0423,0.331,0.3099,0.0634,0.1056,0.0,0.0,0.0,0.0,0.0,0.0,0.0,0.0,0.0,0.0,0.0,0.0,0.007,0.0352,0.0282,0.0634,0.3239,0.0352,0.0563,0.1479,0.3169,0.0634,0.0563,0.0,68.0,1.0,55.0,0.0,18.0,4,Mon,0.1056,1,0
153,0.0119,0.0524,0.0857,0.1,0.1524,0.0857,0.1095,0.031,0.031,0.0619,0.0286,0.0548,0.019,0.0,0.0,0.0,0.0,0.0,0.0,0.0167,0.0214,0.0095,0.0476,0.081,0.2405,0.1095,0.0143,0.1429,0.2881,0.1429,0.0619,8.0,108.0,16.0,169.0,61.0,58.0,4,Fri,0.1406,1,0
154,0.0,0.0,0.0,0.0,0.0,0.0,0.05,0.0,0.0,0.0,0.0,0.0,0.0,0.0,0.0,0.0,0.0,0.0,0.0,0.0,0.0,0.3833,0.5667,0.0,0.25,0.3167,0.0167,0.1333,0.0,0.2833,0.0,0.0,3.0,0.0,0.0,0.0,57.0,22,Tue,0.0,1,0
155,0.056,0.144,0.44,0.072,0.024,0.096,0.0,0.024,0.008,0.0,0.0,0.0,0.0,0.0,0.0,0.0,0.0,0.0,0.0,0.016,0.008,0.032,0.032,0.048,0.176,0.144,0.192,0.16,0.064,0.128,0.136,0.0,16.0,3.0,92.0,0.0,14.0,2,Wed,0.048,1,0
156,0.1765,0.2353,0.1176,0.1176,0.1765,0.0588,0.0,0.0,0.0,0.0,0.0,0.0,0.0,0.0,0.0,0.0,0.0,0.0,0.0,0.0,0.0,0.0,0.0,0.1176,0.0,0.1176,0.3529,0.1176,0.2941,0.1176,0.0,0.0,1.0,0.0,14.0,0.0,2.0,1,Wed,0.0,1,0
157,0.0094,0.0,0.1698,0.3679,0.1321,0.1038,0.0,0.0189,0.0,0.0,0.0,0.0,0.0,0.0,0.0,0.0,0.0,0.0,0.0,0.0,0.0,0.0189,0.0943,0.0849,0.1038,0.0566,0.2358,0.1509,0.1226,0.1887,0.1415,0.0,13.0,0.0,72.0,0.0,21.0,3,Wed,0.0189,1,0
158,0.0833,0.0583,0.225,0.05,0.0167,0.0583,0.0417,0.1,0.05,0.0,0.0,0.0,0.0,0.0,0.0,0.0,0.0,0.0,0.0,0.075,0.1,0.025,0.0,0.1167,0.1,0.1,0.1,0.0333,0.0917,0.4667,0.1083,0.0,30.0,21.0,52.0,0.0,17.0,2,Sat,0.225,1,1
159,0.1071,0.0714,0.1071,0.1071,0.0,0.3214,0.0,0.25,0.0,0.0,0.0,0.0,0.0,0.0,0.0,0.0,0.0,0.0,0.0,0.0,0.0,0.0,0.0,0.0357,0.0,0.0,0.6429,0.0,0.2857,0.0714,0.0,0.0,16.0,0.0,11.0,0.0,1.0,5,Wed,0.25,0,0
160,0.0,0.0,0.0,0.0,0.0,0.0,0.7143,0.2857,0.0,0.0,0.0,0.0,0.0,0.0,0.0,0.0,0.0,0.0,0.0,0.0,0.0,0.0,0.0,0.0,0.0,0.5714,0.0,0.1429,0.2857,0.0,0.0,0.0,21.0,0.0,0.0,0.0,0.0,6,Tue,0.2857,0,0
161,0.0,0.0,0.0,0.0137,0.0274,0.411,0.2192,0.0411,0.0,0.0,0.0137,0.0,0.0,0.0,0.0,0.0,0.0,0.0,0.0,0.0,0.1096,0.1233,0.0137,0.0274,0.0822,0.0959,0.1918,0.1644,0.137,0.0274,0.3014,0.0,49.0,8.0,3.0,1.0,12.0,5,Sun,0.0411,0,0
162,0.0,0.0423,0.1408,0.0775,0.1901,0.2113,0.0986,0.0493,0.1479,0.0,0.0,0.0,0.0,0.0,0.0,0.0,0.0,0.0,0.0,0.0,0.0141,0.007,0.007,0.0141,0.2394,0.0845,0.0915,0.0915,0.0,0.2254,0.2676,0.0,72.0,2.0,64.0,0.0,4.0,5,Sun,0.1972,0,0
163,0.0,0.0556,0.0,0.0,0.0,0.0556,0.4444,0.1667,0.1111,0.0,0.0,0.0,0.0,0.0,0.0,0.0,0.0,0.0,0.0,0.0,0.0,0.0,0.1111,0.0556,0.0,0.2778,0.2222,0.1667,0.1667,0.1111,0.0556,0.0,14.0,0.0,1.0,0.0,3.0,6,Tue,0.2778,0,0
164,0.0,0.0,0.0,0.0,0.0,0.125,0.1875,0.5625,0.0,0.0,0.0,0.0,0.0,0.0,0.0,0.0,0.0,0.0,0.0,0.0,0.0,0.0625,0.0625,0.0,0.75,0.0,0.0,0.0,0.125,0.0625,0.0625,0.0,14.0,0.0,0.0,0.0,2.0,7,Mon,0.5625,0,0
165,0.1011,0.1461,0.0225,0.0,0.0337,0.0337,0.0449,0.0225,0.0562,0.0,0.0,0.0,0.0,0.0,0.0,0.0,0.0,0.0,0.0,0.0225,0.0225,0.2472,0.1798,0.0674,0.1236,0.0899,0.1461,0.1573,0.1798,0.1685,0.1348,0.0,14.0,4.0,27.0,0.0,44.0,21,Fri,0.1012,1,0
166,0.1897,0.0,0.0,0.0,0.3103,0.4828,0.0,0.0172,0.0,0.0,0.0,0.0,0.0,0.0,0.0,0.0,0.0,0.0,0.0,0.0,0.0,0.0,0.0,0.0,0.0,0.0,0.1034,0.0,0.2931,0.569,0.0345,0.0,29.0,0.0,29.0,0.0,0.0,5,Sat,0.0172,0,1
167,0.0,0.1818,0.0,0.0,0.1818,0.0,0.2273,0.0,0.0,0.0,0.0,0.0,0.0,0.0,0.0,0.0,0.0,0.0,0.0,0.0,0.0,0.0455,0.0,0.3636,0.0,0.4091,0.0455,0.1818,0.2727,0.0909,0.0,0.0,5.0,0.0,8.0,0.0,9.0,23,Tue,0.0,1,0
168,0.0,0.0,0.0,0.0,0.0111,0.1222,0.2444,0.2222,0.1222,0.0,0.0111,0.0,0.0,0.0,0.0,0.0,0.0,0.0,0.0,0.0,0.0556,0.1444,0.0444,0.0222,0.0667,0.1444,0.3444,0.0778,0.1222,0.1,0.1444,0.0,64.0,5.0,1.0,1.0,19.0,6,Wed,0.3444,0,0
169,0.0909,0.0455,0.0,0.1818,0.1212,0.197,0.0,0.0303,0.0,0.0,0.0,0.0,0.0,0.0,0.0,0.0,0.0,0.0,0.0,0.0,0.0303,0.1667,0.0909,0.0455,0.0909,0.197,0.197,0.0303,0.2424,0.0,0.2424,0.0,15.0,2.0,29.0,0.0,20.0,5,Fri,0.0303,1,0
170,0.0292,0.0584,0.3139,0.0073,0.2336,0.0657,0.0146,0.0365,0.0073,0.0,0.0,0.0,0.0,0.0,0.0,0.0,0.0,0.0,0.0,0.0073,0.0949,0.0584,0.0584,0.0146,0.1022,0.1533,0.0584,0.073,0.2993,0.2044,0.1095,0.0,17.0,14.0,88.0,0.0,18.0,2,Fri,0.0511,1,0
171,0.0405,0.0676,0.0541,0.0405,0.1486,0.1757,0.1622,0.027,0.0,0.0,0.0,0.0,0.0,0.0,0.0,0.0,0.0,0.0,0.0,0.0135,0.1216,0.027,0.0,0.1216,0.3784,0.1081,0.0541,0.1081,0.0676,0.0811,0.2027,0.0,27.0,10.0,26.0,0.0,11.0,5,Mon,0.0405,0,0
172,0.0,0.0,0.0,0.0,0.0,0.0,0.25,0.0,0.0,0.0,0.0,0.0,0.0,0.0,0.0,0.0,0.0,0.0,0.0,0.0,0.0,0.5625,0.1875,0.0,0.375,0.0625,0.0,0.1875,0.0625,0.1875,0.125,0.0,4.0,0.0,0.0,0.0,12.0,21,Mon,0.0,1,0
173,0.0,0.0,0.0,0.0125,0.1625,0.2375,0.1125,0.0,0.0375,0.0,0.0,0.0,0.0,0.0,0.0,0.0,0.0,0.0,0.0,0.0,0.0125,0.0125,0.4125,0.0,0.0125,0.025,0.1,0.275,0.2,0.3875,0.0,0.0,31.0,1.0,14.0,0.0,34.0,22,Sat,0.0375,1,0
174,0.0,0.0,0.4706,0.0,0.0,0.0,0.0,0.3529,0.0,0.0,0.0,0.0,0.0,0.0,0.0,0.0,0.0,0.0,0.0,0.0,0.0,0.0588,0.1176,0.0,0.0,0.0,0.0,0.2941,0.7059,0.0,0.0,0.0,6.0,0.0,8.0,0.0,3.0,2,Fri,0.3529,1,0
175,0.0,0.0,0.0,0.0,0.2857,0.0714,0.2857,0.0,0.1429,0.0,0.0,0.0,0.0,0.0,0.0,0.0,0.0,0.0,0.0,0.0,0.0714,0.1429,0.0,0.0,0.0,0.0,0.0714,0.0714,0.1429,0.3571,0.3571,0.0,7.0,1.0,4.0,0.0,2.0,4,Sat,0.1429,0,1
176,0.0385,0.0385,0.0385,0.1154,0.0577,0.1154,0.0577,0.0192,0.0,0.0192,0.0,0.0,0.0,0.0,0.0,0.0,0.0,0.0,0.0,0.0769,0.0769,0.0192,0.1731,0.1538,0.0769,0.0385,0.0577,0.0385,0.1346,0.25,0.4038,0.0,10.0,8.0,15.0,1.0,18.0,22,Sun,0.1153,1,1
177,0.1364,0.0,0.0,0.0,0.0,0.0455,0.0,0.0,0.0,0.0,0.0,0.0,0.0,0.0,0.0,0.0,0.0,0.0,0.0,0.0,0.0455,0.0,0.0455,0.7273,0.0,0.0,0.0,0.0455,0.0455,0.7727,0.1364,0.0,1.0,1.0,3.0,0.0,17.0,23,Sat,0.0,1,1
178,0.0781,0.0469,0.0469,0.0,0.0469,0.2031,0.3125,0.0312,0.1094,0.0,0.0,0.0,0.0,0.0,0.0,0.0,0.0,0.0,0.0,0.0,0.0469,0.0,0.0156,0.0625,0.2656,0.0938,0.125,0.1719,0.0469,0.1406,0.1562,0.0,42.0,3.0,14.0,0.0,5.0,6,Mon,0.1406,0,0
179,0.1,0.15,0.0,0.0,0.1,0.05,0.0,0.15,0.15,0.0,0.05,0.0,0.0,0.0,0.0,0.0,0.0,0.0,0.0,0.0,0.0,0.05,0.0,0.2,0.15,0.15,0.05,0.15,0.1,0.4,0.0,0.0,7.0,0.0,7.0,1.0,5.0,23,Sat,0.3,1,0
180,0.0581,0.093,0.1395,0.0465,0.2326,0.0581,0.0465,0.0,0.0,0.0,0.0,0.0,0.0,0.0,0.0,0.0,0.0,0.0,0.0,0.0,0.0,0.0,0.1977,0.1279,0.0349,0.0581,0.2209,0.0581,0.4419,0.0698,0.1163,0.0,9.0,0.0,49.0,0.0,28.0,4,Fri,0.0,1,0
181,0.0366,0.0,0.0488,0.0122,0.061,0.0244,0.0366,0.061,0.061,0.0,0.0,0.0,0.0,0.0,0.0,0.0,0.0,0.0,0.0,0.0,0.0122,0.2439,0.378,0.0244,0.122,0.1707,0.1829,0.1707,0.2317,0.0854,0.0366,0.0,15.0,1.0,13.0,0.0,53.0,22,Fri,0.122,1,0
182,0.0451,0.0075,0.0752,0.0075,0.1203,0.3308,0.1278,0.015,0.0075,0.0,0.0,0.0,0.0,0.0,0.0,0.0,0.0,0.0,0.0,0.0,0.0301,0.0977,0.0902,0.0451,0.1128,0.1278,0.0902,0.0752,0.1128,0.2331,0.2481,0.0,64.0,4.0,34.0,0.0,31.0,5,Sun,0.0225,0,0
183,0.0213,0.1277,0.0,0.0,0.0,0.0,0.0,0.0851,0.1702,0.0,0.0,0.1064,0.0,0.0,0.0,0.0,0.0,0.0,0.0,0.0,0.0,0.4894,0.0,0.0,0.5106,0.234,0.1489,0.0638,0.0,0.0426,0.0,0.0,12.0,0.0,7.0,5.0,23.0,21,Mon,0.2553,1,0
184,0.0,0.1667,0.0,0.0,0.0833,0.0,0.0833,0.25,0.0,0.0,0.0,0.0,0.0,0.0,0.0,0.0,0.0,0.0,0.0,0.0,0.0,0.0,0.0833,0.3333,0.1667,0.0833,0.0,0.0833,0.0,0.5,0.1667,0.0,4.0,0.0,3.0,0.0,5.0,23,Sat,0.25,1,1
185,0.0612,0.0,0.0,0.0612,0.0612,0.0,0.0408,0.0,0.0612,0.0,0.0,0.0,0.0,0.0,0.0,0.0,0.0,0.0,0.0,0.0,0.0408,0.3878,0.2857,0.0,0.102,0.1224,0.2449,0.2449,0.1224,0.0612,0.102,0.0,5.0,2.0,9.0,0.0,33.0,21,Wed,0.0612,1,0
186,0.0,0.0,0.2456,0.0,0.0,0.3509,0.0526,0.0,0.0,0.0,0.0,0.0,0.0,0.0,0.0,0.0,0.0,0.0,0.0,0.0,0.3158,0.0175,0.0175,0.0,0.2982,0.0175,0.0351,0.1754,0.2807,0.0,0.193,0.0,23.0,18.0,14.0,0.0,2.0,5,Mon,0.0,0,0
187,0.0,0.0,0.0,0.0,0.0,0.0,0.0,0.0,0.1111,0.0,0.0,0.0,0.0,0.0,0.0,0.0,0.0,0.0,0.0,0.0,0.0,0.3889,0.2222,0.2778,0.2222,0.0,0.0556,0.0556,0.3333,0.0,0.3333,0.0,2.0,0.0,0.0,0.0,16.0,21,Fri,0.1111,1,0
188,0.0328,0.0492,0.0656,0.0,0.0164,0.5082,0.0656,0.0328,0.0492,0.0,0.0,0.0,0.0,0.0,0.0,0.0,0.0,0.0,0.0,0.0,0.0984,0.082,0.0,0.0,0.5902,0.2459,0.0164,0.0328,0.0328,0.0328,0.0492,0.0,40.0,6.0,10.0,0.0,5.0,5,Mon,0.082,0,0
189,0.0755,0.0189,0.1132,0.0566,0.1132,0.0943,0.1132,0.0377,0.0189,0.0,0.0,0.0,0.0,0.0,0.0,0.0,0.0,0.0,0.0,0.0566,0.0189,0.0943,0.0755,0.1132,0.1887,0.0943,0.0943,0.283,0.0566,0.1132,0.1698,0.0,14.0,4.0,20.0,0.0,15.0,2,Thu,0.1132,1,0
190,0.0,0.0,0.0,0.0,0.0,0.0,0.0,0.0,0.0,0.0,0.0,0.0588,0.0588,0.0,0.0,0.0,0.0,0.0,0.0,0.0,0.0,0.8824,0.0,0.0,0.0,0.0,0.0,0.1176,0.8824,0.0,0.0,1.0,0.0,0.0,0.0,1.0,15.0,21,Fri,0.0,1,0
191,0.0,0.0,0.0,0.0,0.0,0.8947,0.0,0.0,0.0,0.0,0.0,0.0,0.0,0.0,0.0,0.0,0.0,0.0,0.0,0.0,0.1053,0.0,0.0,0.0,0.6842,0.0,0.0,0.0,0.2105,0.0,0.1053,0.0,17.0,2.0,0.0,0.0,0.0,5,Mon,0.0,0,0
192,0.1333,0.0,0.0667,0.0,0.0,0.2,0.0,0.0,0.0,0.0,0.0,0.0,0.0,0.0,0.0,0.0,0.0,0.0,0.0,0.0667,0.0,0.0,0.4667,0.0667,0.0667,0.0667,0.0667,0.4667,0.0667,0.2667,0.0,0.0,3.0,1.0,3.0,0.0,8.0,22,Thu,0.0667,1,0
193,0.0238,0.0476,0.0,0.1786,0.0595,0.2976,0.0833,0.0595,0.0,0.0,0.0,0.0,0.0,0.0,0.0,0.0,0.0,0.0,0.0,0.0,0.0595,0.0595,0.0357,0.0952,0.1429,0.4167,0.25,0.1071,0.0357,0.0476,0.0,0.0,37.0,5.0,26.0,0.0,16.0,5,Tue,0.0595,0,0
194,0.0455,0.0909,0.0682,0.1591,0.0909,0.1364,0.2727,0.0,0.0,0.0,0.0,0.0,0.0,0.0,0.0,0.0,0.0,0.0,0.0,0.0,0.0227,0.0227,0.0,0.0909,0.0227,0.0909,0.1818,0.3409,0.0,0.2727,0.0909,0.0,18.0,1.0,20.0,0.0,5.0,6,Thu,0.0,1,0
195,0.1579,0.0789,0.0,0.0789,0.0,0.2632,0.0,0.0,0.0,0.0,0.0,0.0526,0.0,0.0,0.0,0.0,0.0,0.0,0.0,0.0,0.0,0.0263,0.0,0.3421,0.1316,0.0263,0.6316,0.2105,0.0,0.0,0.0,0.0,10.0,0.0,12.0,2.0,14.0,23,Wed,0.0,1,0
196,0.0526,0.0526,0.1053,0.0,0.0,0.0,0.0,0.0,0.0,0.0,0.0,0.0,0.0,0.0,0.0,0.0,0.0,0.0,0.0,0.0,0.0526,0.6316,0.1053,0.0,0.0526,0.1579,0.3684,0.0526,0.0,0.2105,0.1579,0.0,0.0,1.0,4.0,0.0,14.0,21,Wed,0.0,1,0
197,0.0,0.0,0.0714,0.0,0.1429,0.0714,0.0,0.0,0.2143,0.0,0.0,0.0,0.0,0.0,0.0,0.0,0.0,0.0,0.0,0.0,0.0714,0.0714,0.2143,0.1429,0.0,0.0714,0.0714,0.2143,0.3571,0.0714,0.2143,0.0,4.0,1.0,3.0,0.0,6.0,8,Fri,0.2143,1,0
198,0.5,0.0,0.0,0.0,0.1562,0.0312,0.0625,0.0,0.0,0.0,0.0,0.0,0.0,0.0,0.0,0.0,0.0,0.0,0.0,0.0,0.0,0.0,0.25,0.0,0.0,0.0,0.0312,0.125,0.4688,0.125,0.25,0.0,3.0,0.0,21.0,0.0,8.0,0,Fri,0.0,1,0
199,0.0,0.0,0.0152,0.0,0.0909,0.1212,0.0758,0.1667,0.0455,0.0,0.0303,0.0,0.0,0.0,0.0,0.0,0.0,0.0,0.0,0.0,0.0758,0.2121,0.0303,0.1364,0.0152,0.303,0.0909,0.197,0.1061,0.0606,0.2273,0.0,27.0,5.0,7.0,2.0,25.0,21,Tue,0.2122,0,0
200,0.0,0.0,0.0,0.0,0.0385,0.0192,0.1538,0.0769,0.0962,0.0,0.0,0.0,0.0,0.0,0.0,0.0,0.0,0.0,0.0,0.0,0.0385,0.2885,0.25,0.0385,0.0769,0.0769,0.0962,0.25,0.2885,0.1346,0.0769,0.0,18.0,2.0,2.0,0.0,30.0,21,Fri,0.1731,1,0
201,0.0,0.0263,0.0263,0.0526,0.0,0.1316,0.1842,0.0263,0.0789,0.0263,0.0,0.0,0.0,0.0,0.0,0.0,0.0,0.0,0.0,0.0,0.1053,0.0789,0.1053,0.1579,0.1316,0.0526,0.1579,0.1579,0.0789,0.1579,0.2632,0.0,16.0,4.0,4.0,1.0,13.0,6,Sun,0.1315,0,0
202,0.0,0.0,0.0,0.0,0.0,0.0,0.0,0.0,0.0,0.0,0.0,0.0,0.0,0.0,0.0,0.0,0.0,0.0,0.0,1.0,0.0,0.0,0.0,0.0,0.0,0.0,1.0,0.0,0.0,0.0,0.0,0.0,0.0,26.0,0.0,0.0,0.0,19,Wed,1.0,0,0
203,0.066,0.0,0.2075,0.0283,0.217,0.283,0.1887,0.0,0.0,0.0,0.0,0.0,0.0,0.0,0.0,0.0,0.0,0.0,0.0094,0.0,0.0,0.0,0.0,0.0,0.0,0.0,0.4245,0.1038,0.0,0.2453,0.2264,0.0,50.0,1.0,55.0,0.0,0.0,5,Wed,0.0094,1,0
204,0.0,0.1765,0.0,0.0,0.1176,0.0,0.1176,0.0588,0.1765,0.0,0.0,0.0,0.0,0.0,0.0,0.0,0.0,0.0,0.0,0.0,0.0,0.0,0.2353,0.1176,0.0,0.0588,0.3529,0.0,0.1176,0.0588,0.4118,0.0,6.0,0.0,5.0,0.0,6.0,22,Sun,0.2353,1,0
205,0.0,0.0,0.0,0.0,0.0,0.0,0.0,0.4667,0.0667,0.0,0.0,0.0,0.0,0.0,0.0,0.0,0.0,0.0,0.0,0.0,0.0,0.4,0.0,0.0667,0.0,0.0667,0.2,0.0,0.7333,0.0,0.0,0.0,8.0,0.0,0.0,0.0,7.0,7,Fri,0.5334,0,0
206,0.1579,0.0,0.0526,0.0526,0.0,0.1053,0.1053,0.0,0.0,0.0,0.0,0.0,0.0,0.0,0.0,0.0,0.0,0.0,0.0,0.1053,0.0526,0.2632,0.0526,0.0526,0.1579,0.0526,0.0526,0.1579,0.1053,0.2105,0.2632,0.0,4.0,3.0,5.0,0.0,7.0,21,Sun,0.1053,1,0
207,0.1053,0.0526,0.0,0.2632,0.0,0.0526,0.0526,0.0,0.0,0.0,0.0,0.0,0.0,0.0,0.0,0.0,0.0,0.0,0.0,0.0526,0.1053,0.0,0.0,0.3158,0.1579,0.0,0.1579,0.2632,0.1053,0.0,0.3158,0.0,2.0,3.0,8.0,0.0,6.0,23,Sun,0.0526,1,0
208,0.2,0.1,0.0,0.0,0.0,0.2,0.2,0.1,0.1,0.0,0.0,0.0,0.0,0.0,0.0,0.0,0.0,0.0,0.0,0.0,0.0,0.0,0.0,0.1,0.3,0.3,0.0,0.1,0.0,0.0,0.3,0.0,6.0,0.0,3.0,0.0,1.0,0,Mon,0.2,0,0
209,0.0,0.0,0.0909,0.0,0.0,0.0909,0.2727,0.1818,0.0,0.0,0.0,0.0,0.0,0.0,0.0,0.0,0.0,0.0,0.0,0.0,0.0,0.0,0.3636,0.0,0.0,0.2727,0.4545,0.0909,0.0,0.1818,0.0,0.0,6.0,0.0,1.0,0.0,4.0,22,Wed,0.1818,0,0
210,0.0,0.0,0.0,0.0,0.0625,0.1875,0.125,0.5,0.0,0.0,0.0,0.0,0.0,0.0,0.0,0.0,0.0,0.0,0.0,0.0,0.0,0.0625,0.0,0.0625,0.6875,0.1875,0.0625,0.0625,0.0,0.0,0.0,0.0,13.0,0.0,1.0,0.0,2.0,7,Mon,0.5,0,0
211,0.0,0.0714,0.0,0.0,0.1429,0.1429,0.1429,0.1429,0.0,0.0,0.0,0.0,0.0,0.0,0.0,0.0,0.0,0.0,0.0,0.0,0.0,0.1429,0.0,0.2143,0.0,0.0714,0.2857,0.2143,0.1429,0.2857,0.0,0.0,6.0,0.0,3.0,0.0,5.0,23,Wed,0.1429,1,0
212,0.0,0.0,0.2014,0.0,0.0,0.0,0.0719,0.1439,0.0576,0.0719,0.0,0.0,0.0,0.0,0.0,0.0,0.0,0.0,0.0,0.2878,0.0216,0.1223,0.0144,0.0072,0.0144,0.3381,0.2158,0.0288,0.2518,0.0144,0.1367,0.0,38.0,43.0,28.0,10.0,20.0,19,Tue,0.5612,0,0
213,0.0,0.0,0.0,0.0,0.0,0.0,0.0476,0.3333,0.0,0.0,0.0,0.0,0.0,0.0,0.0,0.0,0.0,0.0,0.0476,0.0,0.0,0.0476,0.2857,0.2381,0.1429,0.0,0.2381,0.1429,0.1429,0.0476,0.2857,0.0,8.0,1.0,0.0,0.0,12.0,7,Sun,0.3809,1,0
214,0.04,0.0,0.06,0.02,0.0,0.02,0.42,0.02,0.02,0.04,0.0,0.0,0.0,0.0,0.0,0.0,0.0,0.0,0.0,0.0,0.1,0.14,0.12,0.0,0.26,0.0,0.08,0.02,0.22,0.14,0.28,0.0,24.0,5.0,6.0,2.0,13.0,6,Sun,0.08,0,0
215,0.0,0.0769,0.0,0.0,0.0,0.3077,0.1538,0.1538,0.3077,0.0,0.0,0.0,0.0,0.0,0.0,0.0,0.0,0.0,0.0,0.0,0.0,0.0,0.0,0.0,0.0769,0.3077,0.0769,0.3077,0.0769,0.0,0.1538,0.0,12.0,0.0,1.0,0.0,0.0,5,Tue,0.4615,0,0
216,0.0404,0.0202,0.1818,0.202,0.0808,0.0202,0.0202,0.0101,0.0202,0.0202,0.0101,0.0,0.0,0.0,0.0,0.0,0.0,0.0,0.0,0.1616,0.0606,0.0808,0.0404,0.0303,0.0606,0.0404,0.1111,0.0202,0.3737,0.1212,0.2727,0.0,7.0,22.0,52.0,3.0,15.0,3,Fri,0.2121,1,0
217,0.108,0.0278,0.0031,0.0,0.0278,0.0062,0.0401,0.0031,0.0,0.0,0.0,0.0494,0.0,0.0,0.0,0.0,0.0,0.0,0.0,0.0,0.0586,0.3179,0.2963,0.0617,0.1944,0.0278,0.0216,0.0,0.0062,0.2006,0.5494,0.0,16.0,19.0,54.0,16.0,219.0,21,Sun,0.0031,1,1
218,0.0286,0.0,0.0143,0.0143,0.0571,0.3,0.1714,0.1571,0.0,0.0,0.0,0.0,0.0,0.0,0.0,0.0,0.0,0.0,0.0,0.0429,0.1571,0.0286,0.0,0.0286,0.0143,0.0571,0.0429,0.0143,0.2,0.0143,0.6571,0.0,44.0,14.0,8.0,0.0,4.0,5,Sun,0.2,0,1
219,0.0,0.0,0.0,0.0,0.0,0.0,0.4615,0.4615,0.0769,0.0,0.0,0.0,0.0,0.0,0.0,0.0,0.0,0.0,0.0,0.0,0.0,0.0,0.0,0.0,0.3077,0.0,0.0,0.0769,0.0,0.1538,0.4615,0.0,13.0,0.0,0.0,0.0,0.0,6,Sun,0.5384,0,1
220,0.1364,0.0909,0.0,0.0,0.0,0.0455,0.0909,0.0,0.0,0.0,0.0,0.0,0.0,0.0,0.0,0.0,0.0,0.0,0.0,0.0,0.1364,0.0909,0.0909,0.3182,0.1818,0.0909,0.0,0.1364,0.1818,0.0,0.4091,0.0,3.0,3.0,5.0,0.0,11.0,23,Sun,0.0,1,0
221,0.0,0.0,0.0,0.2105,0.2105,0.1053,0.0526,0.3158,0.0,0.0,0.0,0.0,0.0,0.0,0.0,0.0,0.0,0.0,0.0,0.0,0.1053,0.0,0.0,0.0,0.0526,0.1579,0.1053,0.0,0.1053,0.4211,0.1579,0.0,9.0,2.0,8.0,0.0,0.0,7,Sat,0.3158,0,1
222,0.1304,0.0,0.0,0.0,0.0435,0.2174,0.2609,0.087,0.0,0.0,0.0,0.0,0.0,0.0,0.0,0.0,0.0,0.0,0.0,0.0,0.0435,0.1739,0.0435,0.0,0.0,0.087,0.3913,0.0435,0.0435,0.3913,0.0435,0.0,13.0,1.0,4.0,0.0,5.0,6,Wed,0.087,0,0
223,0.2,0.0,0.0,0.15,0.0,0.05,0.4,0.0,0.15,0.0,0.0,0.0,0.0,0.0,0.0,0.0,0.0,0.0,0.0,0.0,0.0,0.05,0.0,0.0,0.0,0.3,0.0,0.0,0.2,0.35,0.15,0.0,12.0,0.0,7.0,0.0,1.0,6,Sat,0.15,0,0
224,0.0,0.0714,0.0,0.0714,0.3571,0.2857,0.0,0.0,0.0,0.0,0.0,0.0,0.0,0.0,0.0,0.0,0.0,0.0,0.0,0.0,0.0714,0.0,0.1429,0.0,0.0,0.2857,0.0714,0.0,0.0,0.6429,0.0,0.0,4.0,1.0,7.0,0.0,2.0,4,Sat,0.0,1,1
225,0.0,0.0532,0.2766,0.0,0.0,0.0266,0.1223,0.0638,0.0,0.0585,0.0319,0.0,0.0,0.0,0.0,0.0,0.0,0.0,0.0904,0.1277,0.0,0.0053,0.0053,0.1383,0.4681,0.0479,0.0,0.1383,0.0266,0.1702,0.1489,0.0,40.0,41.0,62.0,17.0,28.0,2,Mon,0.3404,0,0
226,0.0435,0.0,0.3043,0.0435,0.0,0.1304,0.0435,0.0435,0.0435,0.0,0.0,0.0,0.0,0.0,0.0,0.0,0.0,0.0,0.0,0.0,0.0,0.0,0.3478,0.0,0.1304,0.0435,0.1304,0.087,0.087,0.5217,0.0,0.0,6.0,0.0,9.0,0.0,8.0,22,Sat,0.087,1,1
227,0.0,0.0833,0.0556,0.0,0.0,0.0833,0.0833,0.0,0.0,0.0,0.0,0.0,0.0,0.0,0.0,0.0,0.0,0.0,0.0,0.0,0.0278,0.2222,0.1667,0.2778,0.25,0.0556,0.1389,0.1111,0.2778,0.1389,0.0278,0.0,6.0,1.0,5.0,0.0,24.0,23,Fri,0.0,1,0
228,0.0,0.0,0.082,0.0164,0.1311,0.082,0.0492,0.0,0.0,0.0,0.0,0.0,0.0,0.0,0.0,0.0,0.0,0.0,0.0,0.0656,0.0656,0.1311,0.3607,0.0164,0.0492,0.0164,0.0492,0.0,0.7541,0.0328,0.0984,0.0,8.0,8.0,14.0,0.0,31.0,22,Fri,0.0656,1,0
229,0.0,0.0417,0.0,0.0417,0.0417,0.4167,0.0833,0.0,0.0417,0.125,0.0,0.0,0.0,0.0,0.0,0.0,0.0,0.0,0.0,0.0,0.0,0.125,0.0,0.0833,0.375,0.2083,0.0417,0.0833,0.125,0.0833,0.0833,0.0,13.0,0.0,3.0,3.0,5.0,5,Mon,0.1667,0,0
230,0.0769,0.0,0.0,0.0,0.0,0.5,0.3462,0.0385,0.0,0.0,0.0,0.0,0.0,0.0,0.0,0.0,0.0,0.0,0.0,0.0,0.0385,0.0,0.0,0.0,0.0,0.0,0.6154,0.0769,0.1923,0.0385,0.0769,0.0,23.0,1.0,2.0,0.0,0.0,5,Wed,0.0385,0,0
231,0.0345,0.0345,0.0,0.0,0.0345,0.0,0.0,0.0,0.069,0.0,0.0,0.0,0.0,0.0,0.0,0.0,0.0,0.0,0.0,0.0,0.0345,0.6207,0.1724,0.0,0.069,0.0,0.5862,0.2069,0.069,0.0345,0.0345,0.0,2.0,1.0,3.0,0.0,23.0,21,Wed,0.069,1,0
232,0.0488,0.0244,0.0732,0.0976,0.0244,0.0732,0.0732,0.0,0.0,0.0,0.0,0.0,0.0,0.0,0.0,0.0,0.0,0.0,0.0,0.0,0.0488,0.122,0.3415,0.0732,0.0488,0.2927,0.0732,0.122,0.2195,0.1707,0.0732,0.0,6.0,2.0,11.0,0.0,22.0,22,Tue,0.0,1,0
233,0.0833,0.0833,0.0,0.0,0.0,0.25,0.0,0.0,0.0,0.0,0.0,0.0,0.0,0.0,0.0,0.0,0.0,0.0,0.0,0.0,0.4167,0.0,0.1667,0.0,0.0833,0.0,0.0833,0.75,0.0,0.0,0.0833,0.0,3.0,5.0,2.0,0.0,2.0,20,Thu,0.0,0,0
234,0.0,0.0476,0.0952,0.0,0.0,0.0,0.2381,0.1905,0.0952,0.0,0.0,0.0,0.0,0.0,0.0,0.0,0.0,0.0,0.0,0.0,0.0952,0.2381,0.0,0.0,0.0952,0.2381,0.4286,0.0,0.0,0.1429,0.0952,0.0,11.0,2.0,3.0,0.0,5.0,6,Wed,0.2857,0,0
235,0.0,0.0,0.0,0.0,0.0,0.1892,0.0,0.0,0.027,0.0,0.0,0.0,0.0,0.0,0.0,0.0,0.0,0.0,0.0,0.0,0.0,0.1081,0.4595,0.2162,0.1892,0.1622,0.4595,0.0811,0.0,0.1081,0.0,0.0,8.0,0.0,0.0,0.0,29.0,22,Wed,0.027,1,0
236,0.3889,0.1111,0.0556,0.0556,0.0556,0.0,0.0556,0.0,0.0,0.0,0.0,0.0,0.0,0.0,0.0,0.0,0.0,0.0,0.0,0.0,0.0,0.0,0.1111,0.1667,0.0556,0.0,0.1111,0.3889,0.2222,0.1111,0.1111,0.0,1.0,0.0,12.0,0.0,5.0,0,Thu,0.0,1,0
237,0.1333,0.0,0.0,0.0667,0.0,0.1333,0.2667,0.0,0.0,0.0,0.0,0.0,0.0,0.0,0.0,0.0,0.0,0.0,0.0,0.0,0.0,0.1333,0.2667,0.0,0.0667,0.2,0.1333,0.0667,0.4667,0.0667,0.0,0.0,6.0,0.0,3.0,0.0,6.0,6,Fri,0.0,1,0
238,0.0,0.1364,0.0,0.0455,0.1364,0.2273,0.0,0.0,0.0,0.0,0.0,0.0,0.0,0.0,0.0,0.0,0.0,0.0,0.0,0.0,0.0,0.0,0.1818,0.2727,0.0455,0.1364,0.2727,0.1364,0.0,0.1818,0.2273,0.0,5.0,0.0,7.0,0.0,10.0,23,Wed,0.0,1,0
239,0.0,0.1364,0.0,0.0455,0.0909,0.4545,0.0,0.0455,0.0909,0.0455,0.0,0.0,0.0,0.0,0.0,0.0,0.0,0.0,0.0,0.0,0.0,0.0455,0.0455,0.0,0.4545,0.0909,0.1818,0.0455,0.0909,0.0,0.1364,0.0,13.0,0.0,6.0,1.0,2.0,5,Mon,0.1819,0,0
240,0.0,0.0,0.0,0.0,0.0526,0.0526,0.2632,0.1579,0.0,0.0,0.0,0.0,0.0,0.0,0.0,0.0,0.0,0.0,0.0,0.1579,0.1053,0.0526,0.0,0.1579,0.6316,0.0526,0.1053,0.0526,0.0526,0.0,0.1053,0.0,9.0,5.0,1.0,0.0,4.0,6,Mon,0.3158,0,0
241,0.0417,0.0208,0.1042,0.0,0.0208,0.1042,0.1667,0.0833,0.0417,0.0,0.0,0.0,0.0,0.0,0.0,0.0,0.0,0.0,0.0,0.0,0.0625,0.125,0.1875,0.0417,0.0208,0.0833,0.0833,0.1458,0.1667,0.4792,0.0208,0.0,19.0,3.0,9.0,0.0,17.0,22,Sat,0.125,1,1
242,0.0,0.0,0.0,0.1818,0.0,0.7273,0.0,0.0,0.0,0.0,0.0,0.0,0.0,0.0,0.0,0.0,0.0,0.0,0.0,0.0,0.0909,0.0,0.0,0.0,0.0,0.0909,0.0,0.7273,0.0,0.1818,0.0,0.0,8.0,1.0,2.0,0.0,0.0,5,Thu,0.0,0,0
243,0.0,0.0,0.0,0.0,0.0,0.0,0.1765,0.0,0.0,0.0,0.0,0.0,0.0,0.0,0.0,0.0,0.0,0.0,0.0,0.0,0.0588,0.4706,0.2353,0.0588,0.0,0.1765,0.1765,0.4118,0.1176,0.0588,0.0588,0.0,3.0,1.0,0.0,0.0,13.0,21,Thu,0.0,1,0
244,0.0455,0.0,0.0,0.1818,0.0,0.6364,0.0,0.0909,0.0,0.0455,0.0,0.0,0.0,0.0,0.0,0.0,0.0,0.0,0.0,0.0,0.0,0.0,0.0,0.0,0.2727,0.1364,0.2273,0.1364,0.0455,0.1364,0.0455,0.0,16.0,0.0,5.0,1.0,0.0,5,Mon,0.1364,0,0
245,0.3077,0.0,0.1538,0.0,0.0769,0.1538,0.0,0.0,0.0,0.0,0.0,0.0,0.0,0.0,0.0,0.0,0.0,0.0,0.0,0.0,0.0,0.0769,0.0,0.2308,0.2308,0.0769,0.0769,0.2308,0.0,0.3077,0.0769,0.0,2.0,0.0,7.0,0.0,4.0,0,Sat,0.0,1,0
246,0.0,0.0,0.1379,0.1724,0.0,0.069,0.069,0.1379,0.1724,0.0,0.0,0.0,0.0,0.0,0.0,0.0,0.0,0.0,0.0,0.0,0.0,0.2069,0.0,0.0345,0.0,0.1379,0.0,0.2759,0.0,0.3793,0.2069,0.0,13.0,0.0,9.0,0.0,7.0,21,Sat,0.3103,1,1
247,0.0,0.0,0.2857,0.0,0.0,0.0,0.0,0.0714,0.0,0.0,0.0,0.0,0.0,0.0,0.0,0.0,0.0,0.0,0.0,0.0,0.0,0.0,0.1429,0.5,0.0,0.5714,0.0714,0.2857,0.0714,0.0,0.0,0.0,1.0,0.0,4.0,0.0,9.0,23,Tue,0.0714,1,0
248,0.0235,0.0,0.0118,0.0,0.1294,0.0118,0.4824,0.1176,0.0118,0.0,0.0,0.0,0.0,0.0,0.0,0.0,0.0,0.0,0.0,0.0,0.0,0.1176,0.0824,0.0118,0.0118,0.2,0.2471,0.2118,0.2235,0.0941,0.0118,0.0,53.0,0.0,14.0,0.0,18.0,6,Wed,0.1294,0,0
249,0.0,0.0615,0.0,0.0,0.0,0.0615,0.0154,0.0462,0.3385,0.0,0.3846,0.0,0.0,0.0,0.0,0.0,0.0,0.0,0.0,0.0,0.0,0.0923,0.0,0.0,0.0,0.5692,0.0462,0.0923,0.0462,0.1538,0.0923,0.0,30.0,0.0,4.0,25.0,6.0,10,Tue,0.3847,0,0
250,0.0,0.0,0.0,0.0,0.0,0.2778,0.4444,0.1667,0.0,0.0,0.0,0.0,0.0,0.0,0.0,0.0,0.0,0.0,0.0,0.0,0.0,0.0,0.1111,0.0,0.1667,0.2222,0.0556,0.1667,0.1111,0.2222,0.0556,0.0,16.0,0.0,0.0,0.0,2.0,6,Tue,0.1667,0,0
251,0.1176,0.0588,0.0588,0.0588,0.0,0.0588,0.1765,0.0,0.0,0.0,0.0,0.0,0.0,0.0,0.0,0.0,0.0,0.0,0.0,0.0,0.0,0.3529,0.0588,0.0588,0.1176,0.4706,0.1176,0.0588,0.1176,0.0588,0.0588,0.0,4.0,0.0,5.0,0.0,8.0,21,Tue,0.0,1,0
252,0.0,0.0,0.0,0.0,0.0,0.0,0.5769,0.0,0.0,0.0,0.0,0.0,0.0,0.0,0.0,0.0,0.0,0.0,0.0,0.0,0.0,0.3462,0.0,0.0769,0.0,0.4231,0.0,0.0,0.0,0.5769,0.0,0.0,15.0,0.0,0.0,0.0,11.0,6,Sat,0.0,0,1
253,0.0571,0.019,0.0571,0.0476,0.019,0.4857,0.1524,0.0476,0.0381,0.0,0.0,0.0,0.0,0.0,0.0,0.0,0.0,0.0,0.0,0.0095,0.019,0.019,0.0095,0.019,0.619,0.1619,0.0286,0.0476,0.0571,0.0476,0.0381,0.0,76.0,3.0,21.0,0.0,5.0,5,Mon,0.0952,0,0
254,0.1818,0.0,0.0,0.0,0.0,0.0909,0.0,0.0,0.0,0.0,0.0,0.0,0.0,0.0,0.0,0.0,0.0,0.0,0.0,0.0,0.0,0.3636,0.0909,0.2727,0.0,0.2727,0.6364,0.0,0.0,0.0909,0.0,0.0,1.0,0.0,2.0,0.0,8.0,21,Wed,0.0,1,0
255,0.6129,0.0323,0.0323,0.0,0.0323,0.0,0.0645,0.0,0.0323,0.0,0.0,0.0,0.0,0.0,0.0,0.0,0.0,0.0,0.0,0.0645,0.0,0.0,0.0323,0.0968,0.0323,0.0,0.6452,0.1935,0.0645,0.0645,0.0,0.0,3.0,2.0,22.0,0.0,4.0,0,Wed,0.0968,1,0
256,0.0,0.0833,0.0,0.1667,0.0,0.0,0.25,0.0833,0.0,0.0,0.0,0.0,0.0,0.0,0.0,0.0,0.0,0.0,0.0,0.0,0.0,0.0,0.0,0.4167,0.1667,0.1667,0.3333,0.0,0.25,0.0,0.0833,0.0,4.0,0.0,3.0,0.0,5.0,23,Wed,0.0833,1,0
257,0.4167,0.0833,0.0,0.0,0.0,0.0,0.0,0.0833,0.0,0.0,0.0,0.0,0.0,0.0,0.0,0.0,0.0,0.0,0.0,0.0,0.0,0.0833,0.3333,0.0,0.1667,0.0833,0.0833,0.0,0.0833,0.0833,0.5,0.0,1.0,0.0,6.0,0.0,5.0,0,Sun,0.0833,1,1
258,0.0,0.0,0.0,0.0,0.0,0.0,0.0,0.0,0.0,0.0,0.0,0.0,0.0,0.0,0.0,0.0,0.0,0.0,0.0,0.1,0.3,0.1,0.2,0.3,0.2,0.0,0.3,0.0,0.1,0.3,0.1,0.0,0.0,4.0,0.0,0.0,6.0,20,Wed,0.1,1,0
259,0.0,0.2195,0.0,0.0,0.0,0.0732,0.3171,0.0488,0.1951,0.0244,0.0,0.0,0.0,0.0,0.0,0.0,0.0,0.0,0.0,0.0,0.0,0.0,0.0,0.122,0.0732,0.2195,0.0,0.0976,0.3659,0.2439,0.0,0.0,26.0,0.0,9.0,1.0,5.0,6,Fri,0.2683,0,0
260,0.1579,0.0526,0.0,0.0,0.0,0.4211,0.3684,0.0,0.0,0.0,0.0,0.0,0.0,0.0,0.0,0.0,0.0,0.0,0.0,0.0,0.0,0.0,0.0,0.0,0.0,0.4211,0.3684,0.0,0.0,0.2105,0.0,0.0,15.0,0.0,4.0,0.0,0.0,5,Tue,0.0,0,0
261,0.0,0.0,0.0,0.0,0.0,0.0,0.1333,0.1333,0.0,0.0,0.0,0.0,0.0,0.0,0.0,0.0,0.0,0.0,0.0,0.0,0.1333,0.1333,0.4667,0.0,0.1333,0.2667,0.2667,0.0,0.1333,0.2,0.0,0.0,4.0,2.0,0.0,0.0,9.0,22,Tue,0.1333,1,0
262,0.2121,0.0909,0.0,0.0303,0.2121,0.1212,0.0606,0.0606,0.0,0.0,0.0,0.0,0.0,0.0,0.0,0.0,0.0,0.0,0.0,0.0,0.0606,0.1212,0.0,0.0303,0.2727,0.0606,0.1212,0.0606,0.2121,0.0606,0.2121,0.0,8.0,2.0,18.0,0.0,5.0,0,Mon,0.0606,1,0
263,0.0,0.0417,0.0,0.0,0.0,0.0,0.2083,0.0417,0.0,0.0,0.0,0.0,0.0,0.0,0.0,0.0,0.0,0.0,0.0,0.0,0.0,0.25,0.4167,0.0417,0.625,0.0417,0.1667,0.0,0.125,0.0417,0.0,0.0,6.0,0.0,1.0,0.0,17.0,22,Mon,0.0417,1,0
264,0.25,0.25,0.1667,0.0833,0.25,0.0,0.0,0.0,0.0,0.0,0.0,0.0,0.0,0.0,0.0,0.0,0.0,0.0,0.0,0.0,0.0,0.0,0.0,0.0,0.0,0.0833,0.3333,0.0833,0.25,0.1667,0.0833,0.0,0.0,0.0,12.0,0.0,0.0,0,Wed,0.0,1,0
265,0.0,0.0,0.2,0.0,0.0,0.1,0.0,0.0,0.0,0.0,0.0,0.0,0.0,0.0,0.0,0.0,0.0,0.0,0.0,0.0,0.0,0.6,0.0,0.1,0.1,0.0,0.0,0.4,0.3,0.2,0.0,0.0,1.0,0.0,2.0,0.0,7.0,21,Thu,0.0,1,0
266,0.0,0.1429,0.2857,0.0,0.0,0.4286,0.0,0.0,0.0,0.0,0.0,0.0,0.0,0.0,0.0,0.0,0.0,0.0,0.0,0.0,0.0,0.1429,0.0,0.0,0.0,0.1429,0.1429,0.0,0.4286,0.2857,0.0,0.0,3.0,0.0,3.0,0.0,1.0,5,Fri,0.0,1,0
267,0.0,0.0,0.0,0.0,0.0,0.449,0.0,0.1429,0.3469,0.0204,0.0,0.0,0.0,0.0,0.0,0.0,0.0,0.0,0.0,0.0204,0.0,0.0,0.0204,0.0,0.4694,0.0408,0.0816,0.0,0.2857,0.102,0.0204,0.0,46.0,1.0,0.0,1.0,1.0,5,Mon,0.5306,0,0
268,0.0,0.0,0.0667,0.0,0.0,0.0,0.1333,0.0,0.2,0.0,0.0,0.0,0.0,0.0,0.0,0.0,0.0,0.1333,0.0,0.0667,0.0,0.1333,0.1333,0.1333,0.2667,0.0,0.0,0.6,0.0667,0.0667,0.0,0.0,5.0,3.0,1.0,0.0,6.0,8,Thu,0.4,0,0
269,0.0833,0.3333,0.0833,0.0,0.0,0.25,0.0833,0.0,0.0,0.0,0.0,0.0,0.0,0.0,0.0,0.0,0.0,0.0,0.0,0.0,0.0833,0.0,0.0,0.0833,0.0,0.25,0.0833,0.0,0.4167,0.0,0.25,0.0,4.0,1.0,6.0,0.0,1.0,1,Fri,0.0,1,0
270,0.0,0.0405,0.0,0.0,0.0,0.1216,0.4189,0.0,0.0,0.0,0.0,0.0,0.0,0.0,0.0,0.0,0.0,0.0,0.0,0.0,0.0,0.1892,0.2297,0.0,0.0811,0.2838,0.1351,0.0946,0.0135,0.1351,0.2568,0.0,40.0,0.0,3.0,0.0,31.0,6,Tue,0.0,0,0
271,0.0312,0.0312,0.0938,0.0,0.0625,0.1562,0.0625,0.3438,0.0938,0.0,0.0,0.0,0.0,0.0,0.0,0.0,0.0,0.0,0.0,0.0,0.0312,0.0625,0.0,0.0312,0.125,0.0625,0.1562,0.3438,0.0312,0.125,0.1562,0.0,21.0,1.0,7.0,0.0,3.0,7,Thu,0.4376,0,0
272,0.0455,0.0227,0.0227,0.0227,0.0,0.0227,0.1591,0.0,0.0227,0.0,0.0,0.0,0.0,0.0,0.0,0.0,0.0,0.0,0.0,0.0,0.0,0.2727,0.3636,0.0455,0.2955,0.0455,0.2045,0.1136,0.1364,0.1136,0.0909,0.0,9.0,0.0,5.0,0.0,30.0,22,Mon,0.0227,1,0
273,0.2143,0.2143,0.0714,0.0714,0.0,0.1429,0.0714,0.0,0.0,0.0,0.0,0.0,0.0,0.0,0.0,0.0,0.0,0.0,0.0,0.0,0.0,0.0,0.0,0.2143,0.0714,0.3571,0.2143,0.0714,0.0,0.1429,0.1429,0.0,3.0,0.0,8.0,0.0,3.0,0,Tue,0.0,1,0
274,0.6667,0.0,0.0,0.0667,0.0,0.2,0.0,0.0,0.0,0.0,0.0,0.0,0.0,0.0,0.0,0.0,0.0,0.0,0.0,0.0,0.0,0.0,0.0,0.0667,0.5333,0.2,0.1333,0.0,0.0,0.1333,0.0,0.0,3.0,0.0,11.0,0.0,1.0,0,Mon,0.0,1,0
275,0.0465,0.0,0.0233,0.0,0.0465,0.093,0.186,0.1628,0.0,0.0,0.0,0.0,0.0,0.0,0.0,0.0,0.0,0.0,0.0,0.0,0.0465,0.1628,0.0233,0.2093,0.1395,0.093,0.0698,0.093,0.0698,0.3023,0.2326,0.0,19.0,2.0,5.0,0.0,17.0,23,Sat,0.1628,1,1
276,0.0,0.0,0.0,0.0,0.0,0.0833,0.0,0.4167,0.4167,0.0,0.0,0.0,0.0,0.0,0.0,0.0,0.0,0.0,0.0,0.0,0.0,0.0833,0.0,0.0,0.0,0.3333,0.1667,0.0833,0.0833,0.0,0.3333,0.0,11.0,0.0,0.0,0.0,1.0,7,Tue,0.8334,0,0
277,0.1,0.0,0.2,0.0,0.0,0.0,0.0,0.1,0.4,0.0,0.0,0.0,0.0,0.0,0.0,0.0,0.0,0.0,0.0,0.0,0.0,0.1,0.0,0.1,0.1,0.1,0.1,0.4,0.1,0.2,0.0,0.0,5.0,0.0,3.0,0.0,2.0,8,Thu,0.5,0,0
278,0.0175,0.0175,0.0175,0.0175,0.0351,0.0526,0.2632,0.2281,0.0702,0.0526,0.0,0.0,0.0,0.0,0.0,0.0,0.0,0.0,0.0,0.0,0.0,0.0526,0.1228,0.0526,0.1228,0.1404,0.0877,0.0526,0.0702,0.2456,0.2807,0.0,35.0,0.0,6.0,3.0,13.0,6,Sun,0.3509,0,1
279,0.0,0.0909,0.0909,0.0,0.0,0.0,0.0909,0.0,0.0,0.0,0.0,0.0,0.0,0.0,0.0,0.0,0.0,0.0,0.0,0.0,0.0,0.3636,0.0,0.3636,0.1818,0.8182,0.0,0.0,0.0,0.0,0.0,0.0,1.0,0.0,2.0,0.0,8.0,21,Tue,0.0,1,0
280,0.0,0.129,0.0323,0.0645,0.0,0.0645,0.1935,0.2903,0.0,0.0,0.0,0.0,0.0,0.0,0.0,0.0,0.0,0.0,0.0,0.0,0.0,0.1613,0.0645,0.0,0.0968,0.4516,0.129,0.0968,0.0,0.1935,0.0323,0.0,17.0,0.0,7.0,0.0,7.0,7,Tue,0.2903,0,0
281,0.0,0.0,0.0,0.0,0.0,0.2,0.0,0.0,0.4,0.0,0.0,0.0,0.0,0.0,0.0,0.0,0.0,0.0,0.0,0.0,0.0,0.1,0.0,0.3,0.0,0.3,0.1,0.1,0.0,0.0,0.5,0.0,6.0,0.0,0.0,0.0,4.0,8,Sun,0.4,0,0
282,0.0303,0.1212,0.0,0.0,0.0,0.0,0.0606,0.0606,0.0606,0.0303,0.0,0.0,0.0,0.0,0.0,0.0,0.0,0.0,0.0,0.0,0.0303,0.1818,0.303,0.1212,0.0606,0.2727,0.0606,0.4242,0.1818,0.0,0.0,0.0,6.0,1.0,5.0,1.0,20.0,22,Thu,0.1515,1,0
283,0.0,0.1667,0.0,0.0,0.0833,0.25,0.1667,0.0,0.0,0.0,0.0,0.0,0.0,0.0,0.0,0.0,0.0,0.0,0.0,0.0,0.0,0.0,0.1667,0.1667,0.0833,0.0833,0.0,0.0833,0.25,0.4167,0.0833,0.0,5.0,0.0,3.0,0.0,4.0,5,Sat,0.0,1,1
284,0.0,0.0,0.08,0.08,0.0,0.08,0.44,0.28,0.04,0.0,0.0,0.0,0.0,0.0,0.0,0.0,0.0,0.0,0.0,0.0,0.0,0.0,0.0,0.0,0.64,0.0,0.2,0.12,0.0,0.0,0.04,0.0,21.0,0.0,4.0,0.0,0.0,6,Mon,0.32,0,0
285,0.0111,0.1444,0.0222,0.1556,0.0333,0.0222,0.0889,0.0111,0.0333,0.0556,0.0,0.0,0.0,0.0,0.0,0.0,0.0,0.0,0.0,0.0,0.1889,0.1667,0.0556,0.0111,0.0111,0.4778,0.0333,0.2556,0.0333,0.0556,0.1333,0.0,14.0,17.0,33.0,5.0,21.0,20,Tue,0.1,1,0
286,0.0,0.0,0.0,0.0455,0.0455,0.0,0.0455,0.0909,0.0,0.0,0.0,0.0,0.0,0.0,0.0,0.0,0.0,0.0,0.0,0.0,0.0,0.4091,0.2273,0.1364,0.0455,0.2273,0.0909,0.1364,0.3182,0.0455,0.1364,0.0,3.0,0.0,2.0,0.0,17.0,21,Fri,0.0909,1,0
287,0.0,0.0,0.0,0.0,0.0,0.0,0.0,0.0,0.0,0.0,0.0,0.0,0.0,0.0,0.0,0.0,0.0,0.0,0.0,0.0,0.0,0.0526,0.9474,0.0,0.9474,0.0,0.0,0.0526,0.0,0.0,0.0,0.0,0.0,0.0,0.0,0.0,19.0,22,Mon,0.0,1,0
288,0.125,0.025,0.075,0.15,0.2,0.15,0.125,0.025,0.0,0.0,0.0,0.0,0.0,0.0,0.0,0.0,0.0,0.0,0.0,0.0,0.0,0.025,0.025,0.075,0.125,0.1,0.075,0.1,0.175,0.175,0.25,0.0,12.0,0.0,23.0,0.0,5.0,4,Sun,0.025,1,0
289,0.0,0.0,0.0294,0.0,0.0294,0.0,0.0588,0.7059,0.1176,0.0,0.0,0.0,0.0,0.0,0.0,0.0,0.0,0.0,0.0,0.0,0.0,0.0,0.0,0.0588,0.5882,0.1765,0.0294,0.0294,0.0,0.0294,0.1471,0.0,30.0,0.0,2.0,0.0,2.0,7,Mon,0.8235,0,0
290,0.0,0.0,0.0667,0.0667,0.0667,0.2667,0.0,0.0,0.0,0.0,0.0,0.0,0.0,0.0,0.0,0.0,0.0,0.0,0.0,0.1333,0.2,0.1333,0.0667,0.0,0.1333,0.4,0.2,0.0667,0.0667,0.1333,0.0,0.0,4.0,5.0,3.0,0.0,3.0,5,Tue,0.1333,0,0
291,0.0769,0.0,0.0,0.0,0.0256,0.1026,0.1795,0.0769,0.0,0.0,0.0,0.0,0.0,0.0,0.0,0.0,0.0,0.0,0.0,0.0,0.0,0.2821,0.0256,0.2308,0.0513,0.0769,0.0256,0.2051,0.0513,0.359,0.2308,0.0,14.0,0.0,4.0,0.0,21.0,21,Sat,0.0769,1,1
292,0.0,0.0,0.0,0.1818,0.0,0.0909,0.0,0.0455,0.0909,0.0,0.0,0.0,0.0,0.0,0.0,0.0,0.0,0.0,0.0,0.0,0.0455,0.3182,0.1818,0.0455,0.1364,0.0909,0.3182,0.2273,0.0455,0.1364,0.0455,0.0,5.0,1.0,4.0,0.0,12.0,21,Wed,0.1364,1,0
293,0.0,0.0426,0.0638,0.0,0.2128,0.0213,0.0213,0.0851,0.3404,0.0,0.0,0.0,0.0,0.0,0.0,0.0,0.0,0.0,0.0,0.0,0.0426,0.0638,0.0,0.1064,0.0,0.0,0.234,0.4255,0.1915,0.0638,0.0851,0.0,22.0,2.0,15.0,0.0,8.0,8,Thu,0.4255,0,0
294,0.0,0.0,0.0,0.0,0.0,0.84,0.0,0.0,0.0,0.0,0.0,0.0,0.0,0.0,0.0,0.0,0.0,0.0,0.0,0.0,0.0,0.0,0.0,0.16,0.0,0.0,0.16,0.24,0.04,0.56,0.0,0.0,42.0,0.0,0.0,0.0,8.0,5,Sat,0.0,0,1
295,0.0,0.2105,0.0,0.0,0.0,0.2632,0.1579,0.0,0.0,0.0,0.0,0.0,0.0,0.0,0.0,0.0,0.0,0.0,0.0,0.0,0.0,0.0,0.3158,0.0526,0.1053,0.0,0.1053,0.0,0.4211,0.1579,0.2105,0.0,8.0,0.0,4.0,0.0,7.0,22,Fri,0.0,1,0
296,0.0833,0.0833,0.0,0.25,0.0833,0.0,0.1667,0.1667,0.0,0.0833,0.0,0.0,0.0,0.0,0.0,0.0,0.0,0.0,0.0,0.0,0.0,0.0833,0.0,0.0,0.0833,0.0833,0.25,0.1667,0.0833,0.0833,0.25,0.0,4.0,0.0,6.0,1.0,1.0,3,Wed,0.25,1,0
297,0.0,0.0667,0.0,0.0,0.0,0.8667,0.0,0.0,0.0,0.0,0.0667,0.0,0.0,0.0,0.0,0.0,0.0,0.0,0.0,0.0,0.0,0.0,0.0,0.0,0.0,0.0667,0.8667,0.0667,0.0,0.0,0.0,0.0,13.0,0.0,1.0,1.0,0.0,5,Wed,0.0,0,0
298,0.0,0.4211,0.0,0.0526,0.0,0.1053,0.0,0.0,0.0,0.0,0.0,0.0,0.0,0.0,0.0,0.0,0.0,0.0,0.0,0.0526,0.0526,0.1053,0.1579,0.0526,0.2105,0.3684,0.0,0.1579,0.0,0.1579,0.1053,0.0,2.0,2.0,9.0,0.0,6.0,1,Tue,0.0526,1,0
299,0.0,0.1565,0.0261,0.0087,0.0,0.1826,0.087,0.0,0.0261,0.0,0.0,0.0,0.0,0.0,0.0,0.0,0.0,0.0,0.1826,0.0261,0.0,0.0261,0.087,0.1913,0.0,0.1391,0.087,0.3304,0.1565,0.2522,0.0348,0.0,34.0,24.0,22.0,0.0,35.0,23,Thu,0.2348,0,0
300,0.0,0.0,0.0909,0.0909,0.2727,0.1818,0.0,0.0909,0.0,0.0,0.0,0.0,0.0,0.0,0.0,0.0,0.0,0.0,0.0,0.0,0.0,0.2727,0.0,0.0,0.0,0.0,0.4545,0.1818,0.0909,0.1818,0.0909,0.0,3.0,0.0,5.0,0.0,3.0,4,Wed,0.0909,1,0
301,0.0,0.0,0.0,0.0345,0.1034,0.1379,0.069,0.0,0.1724,0.0,0.0,0.0,0.0,0.0,0.0,0.0,0.0,0.0,0.0,0.1034,0.2759,0.1034,0.0,0.0,0.0345,0.5172,0.2069,0.1724,0.0,0.0345,0.0345,0.0,11.0,11.0,4.0,0.0,3.0,20,Tue,0.2758,0,0
302,0.1818,0.0,0.0,0.0,0.0,0.0,0.0,0.0,0.0,0.0,0.0,0.0,0.0,0.0,0.0,0.0,0.0,0.0,0.0,0.0,0.8182,0.0,0.0,0.0,0.0,0.8182,0.0,0.0,0.1818,0.0,0.0,0.0,0.0,9.0,2.0,0.0,0.0,20,Tue,0.0,0,0
303,0.0,0.0,0.0,0.0,0.0,0.0769,0.5385,0.0,0.0,0.0,0.0,0.0,0.0,0.0,0.0,0.0,0.0,0.0,0.0,0.0,0.0,0.2308,0.1538,0.0,0.0769,0.0769,0.0,0.2308,0.0769,0.5385,0.0,0.0,8.0,0.0,0.0,0.0,5.0,6,Sat,0.0,0,1
304,0.0,0.1,0.0,0.0,0.1,0.0,0.0,0.1,0.6,0.0,0.0,0.0,0.0,0.0,0.0,0.0,0.0,0.0,0.0,0.0,0.0,0.0,0.0,0.1,0.0,0.3,0.2,0.0,0.3,0.1,0.1,0.0,7.0,0.0,2.0,0.0,1.0,8,Tue,0.7,0,0
305,0.0645,0.0323,0.0645,0.0645,0.0645,0.2903,0.1935,0.0645,0.0645,0.0,0.0,0.0,0.0,0.0,0.0,0.0,0.0,0.0,0.0,0.0,0.0323,0.0323,0.0,0.0323,0.0968,0.0,0.2258,0.129,0.0323,0.4516,0.0645,0.0,19.0,1.0,9.0,0.0,2.0,5,Sat,0.129,0,1
306,0.0769,0.0,0.0,0.0,0.0769,0.0,0.0769,0.0,0.0,0.0,0.0,0.0,0.0,0.0,0.0,0.0,0.0,0.0,0.0,0.0,0.0,0.6923,0.0769,0.0,0.0,0.0769,0.3846,0.0,0.0,0.1538,0.3846,0.0,1.0,0.0,2.0,0.0,10.0,21,Wed,0.0,1,1
307,0.2667,0.0,0.0,0.0,0.0,0.0333,0.1,0.0,0.0,0.0,0.0,0.0,0.0,0.0,0.0,0.0,0.0,0.0,0.0,0.0,0.2,0.0333,0.3667,0.0,0.0,0.0333,0.4,0.4667,0.0,0.1,0.0,0.0,4.0,6.0,8.0,0.0,12.0,22,Thu,0.0,1,0
308,0.0,0.0476,0.0952,0.0,0.0,0.4762,0.0,0.0,0.0952,0.0,0.0,0.0,0.0,0.0,0.0,0.0,0.0,0.0,0.0,0.0,0.0952,0.0,0.1905,0.0,0.1905,0.0,0.0,0.1429,0.0,0.5238,0.1429,0.0,12.0,2.0,3.0,0.0,4.0,5,Sat,0.0952,0,1
309,0.0238,0.0,0.1905,0.2381,0.0,0.0476,0.0238,0.0,0.0238,0.0,0.0,0.0,0.0,0.0,0.0,0.0,0.0,0.0,0.0,0.0,0.0,0.0,0.0,0.4524,0.0,0.2619,0.0,0.1905,0.0,0.2857,0.2619,0.0,4.0,0.0,19.0,0.0,19.0,23,Sat,0.0238,1,1
310,0.0909,0.0,0.0909,0.0,0.0,0.0455,0.1818,0.0,0.0,0.0,0.0,0.0,0.0,0.0,0.0,0.0,0.0,0.0,0.0,0.0,0.0,0.0,0.4091,0.1818,0.5,0.0455,0.3182,0.0,0.0909,0.0455,0.0,0.0,5.0,0.0,4.0,0.0,13.0,22,Mon,0.0,1,0
311,0.0426,0.0,0.0638,0.0638,0.0213,0.0,0.5957,0.1277,0.0,0.0,0.0,0.0,0.0,0.0,0.0,0.0,0.0,0.0,0.0,0.0,0.0,0.0,0.0851,0.0,0.1064,0.0426,0.1064,0.0,0.4681,0.1277,0.1489,0.0,34.0,0.0,9.0,0.0,4.0,6,Fri,0.1277,0,0
312,0.1667,0.0,0.0,0.0,0.0,0.3333,0.0,0.25,0.0,0.0,0.0,0.0,0.0,0.0,0.0,0.0,0.0,0.0,0.25,0.0,0.0,0.0,0.0,0.0,0.0,0.0,0.0,0.25,0.25,0.5,0.0,0.0,7.0,3.0,2.0,0.0,0.0,5,Sat,0.5,0,0
313,0.2857,0.0,0.0714,0.0,0.0,0.0,0.2857,0.1429,0.0,0.0,0.0,0.0,0.0,0.0,0.0,0.0,0.0,0.0,0.0,0.0,0.0,0.0714,0.0,0.1429,0.0,0.2857,0.0,0.1429,0.0714,0.2143,0.2857,0.0,6.0,0.0,5.0,0.0,3.0,0,Tue,0.1429,1,0
314,0.0,0.0,0.0,0.0,0.0,0.0,0.0,0.0,0.0,0.0,0.0,0.0,0.0,0.0,0.0,0.0,0.0,0.0,0.0,0.0,0.0,0.0,1.0,0.0,0.0,0.0,0.0,0.0,0.0,1.0,0.0,0.0,0.0,0.0,0.0,0.0,15.0,22,Sat,0.0,1,1
315,0.1111,0.0,0.0,0.0,0.0,0.0,0.1852,0.3704,0.2963,0.0,0.0,0.0,0.0,0.0,0.0,0.0,0.0,0.0,0.0,0.0,0.0,0.0,0.037,0.0,0.0,0.1111,0.0,0.2963,0.2963,0.1481,0.1481,0.0,23.0,0.0,3.0,0.0,1.0,7,Thu,0.6667,0,0
316,0.0556,0.0,0.2778,0.0556,0.1111,0.0,0.0,0.0,0.0,0.0,0.0,0.0,0.0,0.0,0.0,0.0,0.0,0.0,0.0,0.4444,0.0,0.0556,0.0,0.0,0.0556,0.1667,0.1111,0.2222,0.0556,0.3333,0.0556,0.0,0.0,8.0,9.0,0.0,1.0,19,Sat,0.4444,1,0
317,0.2727,0.0909,0.0909,0.1818,0.0,0.0909,0.0,0.0,0.0,0.0,0.0,0.0,0.0909,0.0,0.0,0.0,0.0,0.0,0.0,0.0,0.0,0.1818,0.0,0.0,0.0909,0.0909,0.0909,0.0909,0.0909,0.1818,0.3636,1.0,1.0,0.0,7.0,0.0,2.0,0,Sun,0.0,1,1
318,0.05,0.0,0.0,0.0,0.05,0.0,0.0,0.7,0.0,0.0,0.0,0.0,0.0,0.0,0.0,0.0,0.0,0.0,0.0,0.0,0.0,0.0,0.0,0.2,0.05,0.0,0.7,0.05,0.15,0.0,0.05,0.0,14.0,0.0,2.0,0.0,4.0,7,Wed,0.7,0,0
319,0.0,0.0,1.0,0.0,0.0,0.0,0.0,0.0,0.0,0.0,0.0,0.0,0.0,0.0,0.0,0.0,0.0,0.0,0.0,0.0,0.0,0.0,0.0,0.0,0.0,0.0,0.0,0.0,0.0,0.0,1.0,0.0,0.0,0.0,11.0,0.0,0.0,2,Sun,0.0,1,1
320,0.0,0.0,0.0,0.0909,0.0,0.0,0.0,0.0909,0.0909,0.0909,0.0,0.0,0.0,0.0,0.0,0.0,0.0,0.0,0.0,0.0,0.0,0.0,0.0,0.6364,0.0,0.0,0.6364,0.0,0.0,0.0,0.3636,0.0,2.0,0.0,1.0,1.0,7.0,23,Wed,0.2727,1,0
321,0.0,0.0,0.0,0.0,0.0,0.0,0.0,0.0,0.0,0.0,0.0,0.0,0.0,0.0,0.0,0.0,0.0,0.0,0.0,0.0,0.0,0.2667,0.7333,0.0,0.0,0.0,0.0,0.0,0.0,1.0,0.0,0.0,0.0,0.0,0.0,0.0,15.0,22,Sat,0.0,1,1
322,0.0,0.0,0.0,0.0476,0.0,0.2381,0.1905,0.0476,0.0,0.0,0.0,0.0,0.0,0.0,0.0,0.0,0.0,0.0,0.0,0.0,0.0,0.1905,0.1905,0.0952,0.3333,0.3333,0.1905,0.0476,0.0,0.0476,0.0476,0.0,10.0,0.0,1.0,0.0,10.0,5,Mon,0.0476,1,0
323,0.0909,0.0,0.0,0.0909,0.0,0.0909,0.0909,0.0909,0.0,0.0,0.0,0.0,0.0,0.0,0.0,0.0,0.0,0.0,0.0,0.0909,0.0,0.1818,0.1818,0.0909,0.0909,0.1818,0.0909,0.0909,0.0,0.2727,0.2727,0.0,3.0,1.0,2.0,0.0,5.0,21,Sat,0.1818,1,1
324,0.1333,0.0,0.0,0.0,0.0,0.0,0.0,0.0,0.0,0.0,0.0,0.0,0.0,0.0,0.0,0.0,0.0,0.0,0.0,0.0,0.0,0.0,0.0667,0.8,0.0,0.0667,0.1333,0.8,0.0,0.0,0.0,0.0,0.0,0.0,2.0,0.0,13.0,23,Thu,0.0,1,0
325,0.0,0.0,0.9444,0.0,0.0,0.0556,0.0,0.0,0.0,0.0,0.0,0.0,0.0,0.0,0.0,0.0,0.0,0.0,0.0,0.0,0.0,0.0,0.0,0.0,0.0,0.0,0.2778,0.6667,0.0,0.0,0.0556,0.0,1.0,0.0,17.0,0.0,0.0,2,Thu,0.0,1,0
326,0.0323,0.0968,0.0323,0.0968,0.0968,0.0645,0.0323,0.0,0.0323,0.0,0.0,0.0,0.0,0.0,0.0,0.0,0.0,0.0,0.0,0.0,0.129,0.129,0.0,0.2581,0.0968,0.0645,0.129,0.129,0.1613,0.129,0.2903,0.0,4.0,4.0,11.0,0.0,12.0,23,Sun,0.0323,1,0
327,0.0,0.5625,0.0625,0.0,0.0,0.125,0.0,0.0312,0.0938,0.0,0.0,0.0,0.0,0.0,0.0,0.0,0.0,0.0,0.0,0.0,0.0,0.0625,0.0,0.0625,0.0312,0.125,0.0,0.5,0.0,0.3125,0.0312,0.0,8.0,0.0,20.0,0.0,4.0,1,Thu,0.125,1,0
328,0.0,0.0,0.9091,0.0,0.0,0.0,0.0,0.0,0.0,0.0,0.0,0.0,0.0,0.0,0.0,0.0,0.0,0.0,0.0,0.0,0.0,0.0,0.0,0.0909,0.0,0.0,0.5455,0.4545,0.0,0.0,0.0,0.0,0.0,0.0,10.0,0.0,1.0,2,Wed,0.0,1,0
329,0.0,0.9458,0.0,0.0,0.0,0.0,0.0482,0.0,0.006,0.0,0.0,0.0,0.0,0.0,0.0,0.0,0.0,0.0,0.0,0.0,0.0,0.0,0.0,0.0,0.0,0.1627,0.1024,0.5361,0.0542,0.1446,0.0,0.0,9.0,0.0,157.0,0.0,0.0,1,Thu,0.006,1,0
330,0.0,0.0,0.0,0.0,0.0,0.0,0.0,0.0,0.0,0.0,0.0,0.0,0.0,0.0,0.0,0.0,0.0,0.0,0.0,0.0,0.4,0.6,0.0,0.0,0.0,0.3,0.0,0.1,0.4,0.2,0.0,0.0,0.0,4.0,0.0,0.0,6.0,21,Fri,0.0,1,0
331,0.0,0.0,0.0,0.0,0.0,0.0,0.9677,0.0,0.0,0.0,0.0,0.0,0.0,0.0,0.0,0.0,0.0,0.0,0.0,0.0,0.0323,0.0,0.0,0.0,0.0,0.0,0.0,0.0323,0.0,0.0,0.9677,0.0,30.0,1.0,0.0,0.0,0.0,6,Sun,0.0,0,1
332,0.0,0.1,0.0,0.0,0.0,0.2,0.1,0.1,0.0,0.0,0.0,0.0,0.0,0.0,0.0,0.0,0.0,0.0,0.0,0.0,0.0,0.2,0.2,0.1,0.4,0.1,0.0,0.1,0.2,0.1,0.1,0.0,4.0,0.0,1.0,0.0,5.0,5,Mon,0.1,1,0
333,0.125,0.25,0.125,0.0,0.0,0.0,0.125,0.0,0.0,0.0,0.0,0.0,0.0,0.0,0.0,0.0,0.0,0.0,0.0,0.0,0.125,0.0,0.0,0.25,0.0,0.25,0.0,0.125,0.25,0.125,0.25,0.0,1.0,1.0,4.0,0.0,2.0,1,Tue,0.0,1,0
334,0.3571,0.1429,0.1429,0.2143,0.0714,0.0,0.0,0.0714,0.0,0.0,0.0,0.0,0.0,0.0,0.0,0.0,0.0,0.0,0.0,0.0,0.0,0.0,0.0,0.0,0.1429,0.1429,0.0714,0.1429,0.1429,0.2143,0.1429,0.0,1.0,0.0,13.0,0.0,0.0,0,Sat,0.0714,1,0
335,0.0,0.0,0.0,0.0,0.0,0.0,0.0,0.8,0.2,0.0,0.0,0.0,0.0,0.0,0.0,0.0,0.0,0.0,0.0,0.0,0.0,0.0,0.0,0.0,0.0,0.0,0.0,1.0,0.0,0.0,0.0,0.0,10.0,0.0,0.0,0.0,0.0,7,Thu,1.0,0,0
336,0.0,0.0,0.0,0.0,0.0,0.6774,0.3226,0.0,0.0,0.0,0.0,0.0,0.0,0.0,0.0,0.0,0.0,0.0,0.0,0.0,0.0,0.0,0.0,0.0,0.0,0.2581,0.0,0.0,0.0,0.0,0.7419,0.0,31.0,0.0,0.0,0.0,0.0,5,Sun,0.0,0,1
337,0.0984,0.0164,0.0,0.0,0.0164,0.2459,0.082,0.2787,0.0,0.0,0.0,0.0,0.0,0.0,0.0,0.0,0.0,0.0,0.0,0.0,0.0164,0.1967,0.0492,0.0,0.2295,0.082,0.2623,0.2951,0.1311,0.0,0.0,0.0,37.0,1.0,8.0,0.0,15.0,7,Thu,0.2787,0,0
338,0.6,0.0,0.0,0.2667,0.0,0.0,0.0,0.1,0.0,0.0,0.0,0.0,0.0,0.0,0.0,0.0,0.0,0.0,0.0,0.0,0.0,0.0,0.0333,0.0,0.0,0.0667,0.0,0.0333,0.0,0.3667,0.5333,0.0,3.0,0.0,26.0,0.0,1.0,0,Sun,0.1,1,1
339,0.5333,0.2,0.0,0.0,0.0222,0.0,0.0,0.0222,0.0,0.0,0.0,0.0,0.0,0.0,0.0,0.0,0.0,0.0,0.0,0.0,0.0,0.1333,0.0889,0.0,0.0,0.1333,0.0667,0.0,0.0444,0.0222,0.7333,0.0,1.0,0.0,34.0,0.0,10.0,0,Sun,0.0222,1,1
340,0.125,0.25,0.0,0.0,0.0,0.0,0.1875,0.0,0.0,0.0,0.0,0.0,0.0,0.0,0.0,0.0,0.0,0.0,0.0,0.0,0.0,0.0,0.0,0.4375,0.0,0.0,0.1875,0.0,0.125,0.4375,0.25,0.0,3.0,0.0,6.0,0.0,7.0,23,Sat,0.0,1,1
341,0.0,0.0,0.0,0.0,0.0,0.0,0.0,0.0,0.0,0.0,0.0,0.0,0.0,0.0,0.0,0.0,0.0,0.0,0.0,0.0,0.0,0.1,0.4,0.5,0.0,0.0,0.0,0.6,0.4,0.0,0.0,0.0,0.0,0.0,0.0,0.0,10.0,23,Thu,0.0,1,0
342,0.0,0.0,0.4,0.0,0.2,0.2667,0.0,0.0,0.0,0.0,0.0,0.0,0.0,0.0,0.0,0.0,0.0,0.0,0.0,0.0,0.0,0.0,0.1333,0.0,0.0,0.0667,0.0667,0.4,0.0667,0.0,0.4,0.0,4.0,0.0,9.0,0.0,2.0,2,Thu,0.0,1,0
343,0.5714,0.2286,0.2,0.0,0.0,0.0,0.0,0.0,0.0,0.0,0.0,0.0,0.0,0.0,0.0,0.0,0.0,0.0,0.0,0.0,0.0,0.0,0.0,0.0,0.0,0.2857,0.1714,0.4857,0.0,0.0,0.0571,0.0,0.0,0.0,35.0,0.0,0.0,0,Thu,0.0,1,0
344,0.0769,0.0769,0.0,0.0,0.0,0.0,0.0,0.0,0.0,0.0,0.0,0.0,0.0,0.0,0.0,0.0,0.0,0.0,0.0,0.0,0.0,0.0,0.0,0.8462,0.8462,0.0,0.0,0.0,0.0,0.0,0.1538,0.0,0.0,0.0,2.0,0.0,11.0,23,Mon,0.0,1,0
345,0.5,0.0,0.0,0.0,0.0,0.0,0.0,0.0,0.0,0.0,0.0,0.0,0.0,0.0,0.0,0.0,0.0,0.0,0.0,0.0,0.0,0.0,0.0,0.5,0.0,0.0,0.0,0.5,0.0,0.5,0.0,0.0,0.0,0.0,6.0,0.0,6.0,0,Thu,0.0,1,0
346,0.25,0.0,0.0,0.0,0.0,0.0,0.0,0.0,0.0,0.0,0.0,0.0,0.0,0.0,0.0,0.0,0.0,0.0,0.0,0.0,0.0,0.0,0.25,0.5,0.0,0.5,0.3333,0.0,0.1667,0.0,0.0,0.0,0.0,0.0,3.0,0.0,9.0,23,Tue,0.0,1,0
347,0.2,0.2,0.1,0.1,0.0,0.3,0.1,0.0,0.0,0.0,0.0,0.0,0.0,0.0,0.0,0.0,0.0,0.0,0.0,0.0,0.0,0.0,0.0,0.0,0.0,0.1,0.0,0.6,0.0,0.2,0.1,0.0,4.0,0.0,6.0,0.0,0.0,5,Thu,0.0,1,0
348,0.0,0.0,0.0,0.0,0.0,0.0,0.0,0.0,0.0,0.0,0.0,0.0,0.0,0.0,0.0,0.0,0.0,0.0,0.0,0.0,0.0,0.0,0.0,1.0,0.0,1.0,0.0,0.0,0.0,0.0,0.0,0.0,0.0,0.0,0.0,0.0,19.0,23,Tue,0.0,1,0
349,0.0,0.0,0.1,0.0,0.0,0.5,0.0,0.0,0.0,0.0,0.0,0.0,0.0,0.0,0.0,0.0,0.0,0.0,0.0,0.0,0.0,0.3,0.0,0.1,0.1,0.3,0.3,0.0,0.0,0.0,0.3,0.0,5.0,0.0,1.0,0.0,4.0,5,Tue,0.0,0,0
350,0.0,0.0,0.0,0.0,0.0,0.0,0.6842,0.1053,0.0,0.0,0.0,0.0,0.0,0.0,0.0,0.0,0.0,0.0,0.0,0.0,0.0526,0.0,0.1579,0.0,0.0,0.1053,0.6316,0.0,0.1579,0.0526,0.0526,0.0,15.0,1.0,0.0,0.0,3.0,6,Wed,0.1053,0,0
351,0.0,0.0,0.0,0.0,0.5333,0.4,0.0,0.0,0.0,0.0,0.0667,0.0,0.0,0.0,0.0,0.0,0.0,0.0,0.0,0.0,0.0,0.0,0.0,0.0,0.0,0.2333,0.3667,0.0,0.0,0.4,0.0,0.0,12.0,0.0,16.0,2.0,0.0,4,Sat,0.0,1,0
352,0.0,0.0,0.0,0.0,0.0,0.0,0.6379,0.319,0.0431,0.0,0.0,0.0,0.0,0.0,0.0,0.0,0.0,0.0,0.0,0.0,0.0,0.0,0.0,0.0,0.0,0.0,0.5431,0.1724,0.0,0.2845,0.0,0.0,116.0,0.0,0.0,0.0,0.0,6,Wed,0.3621,0,0
353,0.1818,0.2727,0.0,0.0,0.0,0.0,0.0,0.0,0.0,0.0,0.0,0.0,0.0,0.0,0.0,0.0,0.0,0.0,0.0909,0.0,0.0,0.0,0.4545,0.0,0.0909,0.0,0.0909,0.1818,0.3636,0.1818,0.0909,0.0,0.0,1.0,5.0,0.0,5.0,22,Fri,0.0909,1,0
354,0.0,0.0,0.0,0.0,0.0,1.0,0.0,0.0,0.0,0.0,0.0,0.0,0.0,0.0,0.0,0.0,0.0,0.0,0.0,0.0,0.0,0.0,0.0,0.0,0.0,1.0,0.0,0.0,0.0,0.0,0.0,0.0,10.0,0.0,0.0,0.0,0.0,5,Tue,0.0,0,0
355,0.0,0.7273,0.1818,0.0,0.0,0.0909,0.0,0.0,0.0,0.0,0.0,0.0,0.0,0.0,0.0,0.0,0.0,0.0,0.0,0.0,0.0,0.0,0.0,0.0,0.0,0.9091,0.0,0.0,0.0,0.0909,0.0,0.0,1.0,0.0,10.0,0.0,0.0,1,Tue,0.0,1,0
356,0.0,0.0,0.0,0.0,0.7,0.0,0.0,0.0,0.1,0.0,0.0,0.0,0.0,0.0,0.0,0.0,0.0,0.0,0.0,0.0,0.1,0.1,0.0,0.0,0.0,0.3,0.0,0.7,0.0,0.0,0.0,0.0,1.0,1.0,7.0,0.0,1.0,4,Thu,0.1,1,0
357,1.0,0.0,0.0,0.0,0.0,0.0,0.0,0.0,0.0,0.0,0.0,0.0,0.0,0.0,0.0,0.0,0.0,0.0,0.0,0.0,0.0,0.0,0.0,0.0,0.0,1.0,0.0,0.0,0.0,0.0,0.0,0.0,0.0,0.0,12.0,0.0,0.0,0,Tue,0.0,1,0
358,0.4,0.4,0.0,0.1,0.0,0.0,0.0,0.0,0.0,0.0,0.0,0.0,0.0,0.0,0.0,0.0,0.0,0.0,0.0,0.0,0.0,0.0,0.1,0.0,0.0,0.4,0.4,0.1,0.1,0.0,0.0,0.0,0.0,0.0,9.0,0.0,1.0,0,Tue,0.0,1,0
359,0.0,0.0,0.0,0.0,0.1,0.1,0.1,0.0,0.0,0.0,0.0,0.0,0.0,0.0,0.0,0.0,0.0,0.0,0.0,0.0,0.3,0.0,0.3,0.1,0.0,0.6,0.0,0.3,0.0,0.1,0.0,0.0,2.0,3.0,1.0,0.0,4.0,20,Tue,0.0,0,0
360,0.0,0.0,0.2,0.1,0.1,0.1,0.0,0.0,0.0,0.0,0.0,0.0,0.0,0.0,0.0,0.0,0.0,0.0,0.0,0.1,0.1,0.2,0.1,0.0,0.1,0.1,0.3,0.3,0.2,0.0,0.0,0.0,1.0,2.0,4.0,0.0,3.0,2,Wed,0.1,1,0
361,0.0,0.125,0.0,0.0,0.25,0.375,0.0,0.125,0.0,0.0,0.0,0.0,0.0,0.0,0.0,0.0,0.0,0.0,0.0,0.0,0.125,0.0,0.0,0.0,0.125,0.375,0.125,0.125,0.0,0.0,0.25,0.0,4.0,1.0,3.0,0.0,0.0,5,Tue,0.125,0,0
362,0.0,0.0,0.0,0.0,0.0,0.0,0.1,0.0,0.1,0.0,0.0,0.0,0.0,0.0,0.0,0.0,0.0,0.0,0.0,0.0,0.1,0.2,0.2,0.3,0.3,0.0,0.0,0.0,0.2,0.2,0.3,0.0,2.0,1.0,0.0,0.0,7.0,23,Mon,0.1,1,0
363,0.2,0.2,0.0,0.1,0.0,0.1,0.0,0.1,0.0,0.0,0.0,0.0,0.0,0.0,0.0,0.0,0.0,0.0,0.0,0.0,0.1,0.0,0.1,0.1,0.4,0.0,0.0,0.0,0.1,0.3,0.2,0.0,2.0,1.0,5.0,0.0,2.0,0,Mon,0.1,1,0
